the,39605,104720.4,64420,3
responsibilities,16,74.3,30,16
recommendations,23,3.6,26,15
representatives,18,202.7,45,15
straightforward,14,20,20,15
characteristics,9,358.2,41,15
responsibility,57,180.9,97,14
conservatives*,19,11.3,24,14
administration,18,555.8,72,14
representation,14,202.5,39,14
interpretation,11,388.4,47,14
representative,11,81.6,24,14
considerations,10,118.7,25,14
communications,9,292.9,38,14
qualifications,9,123.7,25,14
implementation,7,259.8,31,14
identification,6,177.2,24,14
administrative,5,463,39,14
constitutional,5,366.5,34,14
discrimination,4,208.7,22,14
simultaneously,3,229.6,20,14
concentrations,2,290.6,23,14
unfortunately,53,11.5,46,13
circumstances,49,414.1,111,13
environmental,48,202.8,88,13
international,38,2595.2,242,13
conservative*,36,169.6,67,13
consideration,33,108.3,57,13
understanding,29,413.4,81,13
opportunities,28,219.7,62,13
organisations,23,216.2,54,13
communication,22,382.5,66,13
accommodation,22,149.6,46,13
organizations,20,39.6,31,13
automatically,16,69.1,29,13
manufacturing,15,247.4,45,13
contributions,14,104,30,13
approximately,14,94.4,30,13
relationships,13,598,65,13
parliamentary,13,321.9,47,13
significantly,12,339.5,45,13
extraordinary,12,154.7,31,13
entertainment,12,44,21,13
investigation,10,551.1,56,13
concentration,10,335.1,42,13
comprehensive,10,286.3,38,13
traditionally,10,77.8,22,13
establishment,9,399.8,44,13
psychological,9,195.9,30,13
sophisticated,9,140.7,26,13
possibilities,8,176.3,27,13
manufacturers,7,249.7,30,13
revolutionary,7,186.9,26,13
controversial,7,135.8,23,13
understanding,7,113.2,20,13
demonstration,7,108.2,20,13
participation,6,254.7,29,13
professionals,6,201.4,25,13
determination,4,355.9,31,13
consciousness,4,329.6,28,13
Middlesbrough,3,579.2,40,13
effectiveness,3,250,23,13
correspondent,3,276.9,22,13
institutional,2,284.9,22,13
practitioners,1,345.3,22,13
working-class,0,408.4,21,13
particularly,153,258.1,228,12
conversation,61,8.1,54,12
relationship,51,695.8,138,12
organization,41,101.9,66,12
unemployment,34,197.2,68,12
professional,33,751.4,113,12
agricultural,32,24.6,42,12
consultation,32,24.4,23,12
difficulties,29,333.4,73,12
contribution,29,151.7,56,12
presentation,29,2.6,32,12
requirements,28,241.1,64,12
applications,27,281.7,67,12
nevertheless,26,445.9,78,12
arrangements,25,274.3,62,12
considerable,24,855.2,104,12
organisation,24,673.1,90,12
specifically,24,60.1,39,12
occasionally,23,93.4,42,12
introduction,22,453.8,71,12
distribution,19,467.8,68,12
instructions,19,111.7,38,12
implications,17,266.5,48,12
disappointed,17,8.5,21,12
compensation,15,119.6,33,12
increasingly,14,695.2,73,12
consequences,14,309.4,48,12
negotiations,14,207.9,39,12
construction,13,673.3,69,12
developments,13,441.2,56,12
headquarters,13,113.2,29,12
registration,13,54.7,23,12
constitution,12,298.4,43,12
architecture,12,141.7,30,12
deliberately,12,133.2,30,12
universities,12,110.8,28,12
institutions,11,760.9,71,12
expectations,11,215.3,35,12
considerably,11,167.7,31,12
restrictions,11,149.1,29,12
improvements,11,95.2,26,12
representing,11,92.1,24,12
productivity,11,51.9,21,12
independence,10,435.1,49,12
associations,10,75.5,22,12
constituency,10,56.6,20,12
significance,9,492.9,51,12
subsequently,9,329.9,40,12
intelligence,9,322.9,38,12
successfully,9,282.9,37,12
announcement,9,128.3,26,12
satisfactory,9,104.1,23,12
consequently,8,188.9,27,12
intervention,7,307.5,35,12
satisfaction,7,251,31,12
observations,7,151.8,23,12
conventional,6,470.6,43,12
sufficiently,6,228,28,12
conservation,6,241.3,28,12
availability,6,137.4,21,12
shareholders,5,392.4,34,12
surprisingly,5,297.9,28,12
intellectual,5,272,27,12
concentrated,5,229,26,12
transactions,5,215,23,12
incorporated,5,161.5,20,12
contemporary,4,671.2,49,12
co-operation,4,486.6,39,12
championship,4,487.6,37,12
demonstrated,4,323.3,30,12
participants,4,251.5,24,12
establishing,4,215.4,22,12
experimental,3,303,26,12
presidential,3,261.3,23,12
publications,3,246,22,12
acknowledged,3,220.5,21,12
respectively,2,531,36,12
jurisdiction,2,274.3,21,12
information,206,1155,407,11
interesting,146,255.4,91,11
development,142,1471.4,345,11
opportunity,75,91,106,11
authorities,72,350.4,136,11
environment,70,377.7,137,11
appropriate,64,280.7,118,11
necessarily,61,3.1,56,11
application,59,226,105,11
responsible,45,366.6,100,11
competition,44,378.5,100,11
immediately,42,507.1,109,11
significant,39,835.1,130,11
association,39,760.7,124,11
independent,38,542.2,105,11
appointment,38,11.6,45,11
performance,36,1065.8,141,11
possibility,36,245.9,75,11
advertising,36,7.3,41,11
effectively,34,70.6,52,11
countryside,33,12.7,40,11
legislation,32,292.8,74,11
electricity,32,10.7,39,11
Christopher,32,41.8,22,11
individuals,31,446.3,86,11
essentially,28,23.1,37,11
complicated,26,4,29,11
temperature,25,111.4,46,11
comfortable,25,70.7,41,11
requirement,25,18.3,33,11
expenditure,24,259.3,59,11
traditional,23,958.7,108,11
substantial,23,375.3,67,11
engineering,23,219.6,54,11
maintenance,22,113,42,11
concentrate,22,28,32,11
regulations,21,141.2,45,11
established,20,1062.1,108,11
differences,20,676.5,85,11
description,20,271.8,55,11
discussions,20,49.8,33,11
photographs,19,80.7,35,11
suggestions,19,3,21,11
educational,18,443.7,63,11
partnership,18,114.9,37,11
residential,18,57.2,31,11
alternative,17,346.1,55,11
governments,17,298,51,11
departments,17,227.1,45,11
improvement,17,209,45,11
represented,16,416.5,58,11
competitive,16,177.2,39,11
preparation,16,130.7,35,11
fundamental,15,307.6,49,11
involvement,15,269.4,45,11
alternative,15,175.4,38,11
recognition,14,534.6,63,11
communities,14,280.7,45,11
agriculture,14,231.5,42,11
explanation,13,400.7,51,11
experiences,13,192.2,37,11
arrangement,13,178,35,11
outstanding,13,135.8,32,11
flexibility,13,33.7,21,11
intelligent,13,24.7,20,11
examination,12,425,52,11
recommended,12,178.3,34,11
transferred,12,180.3,33,11
personality,12,141.3,31,11
certificate,12,134,31,11
potentially,12,95.1,26,11
magistrates,12,48.8,22,11
combination,11,396.7,48,11
corporation,11,249.4,37,11
politicians,11,215.6,36,11
disappeared,11,215.3,35,11
Westminster,11,68.8,23,11
encouraging,11,66.4,22,11
anniversary,11,58.5,22,11
consequence,10,273.8,37,11
achievement,10,228.3,34,11
replacement,10,143.3,28,11
considering,10,140.4,28,11
demonstrate,10,116.6,26,11
constraints,10,66.4,20,11
distinction,9,420.9,45,11
experienced,9,299.6,38,11
instruction,9,136.6,25,11
experienced,9,104.1,22,11
institution,8,582.8,54,11
perspective,8,267.7,33,11
imagination,8,190.5,29,11
undoubtedly,8,173.1,26,11
conclusions,8,159.6,26,11
distributed,8,106.8,22,11
mathematics,8,111.5,21,11
desperately,8,91.6,21,11
initiatives,8,102.9,20,11
proceedings,7,512.7,47,11
consumption,7,332.7,36,11
experiments,7,271.4,32,11
observation,7,261.3,31,11
assumptions,7,209.2,27,11
maintaining,7,153.2,23,11
instruments,6,297.9,31,11
integration,6,223.1,26,11
destruction,6,222.5,26,11
investigate,6,197.4,26,11
transaction,6,195.1,25,11
uncertainty,6,179.9,24,11
generations,6,179.4,23,11
prosecution,6,180,23,11
publication,5,487.6,41,11
composition,5,221.4,25,11
accordingly,5,218.5,25,11
contributed,5,218.5,25,11
distinguish,5,164.8,22,11
obligations,5,165.7,21,11
unnecessary,5,161.6,20,11
interaction,4,260.7,26,11
interpreted,4,236.4,23,11
connections,4,249.5,23,11
statistical,4,220.8,23,11
declaration,4,218.4,22,11
established,4,226.3,22,11
controversy,4,208,21,11
journalists,4,182.6,20,11
theoretical,3,443.5,33,11
furthermore,3,434.1,32,11
acquisition,3,375.7,29,11
constructed,3,351.9,27,11
magnificent,3,241.7,22,11
restoration,3,259.1,21,11
spectacular,3,233.8,21,11
legislative,3,225.7,21,11
limitations,3,219.7,20,11
collections,3,234.9,20,11
accompanied,2,587,37,11
illustrated,2,398.5,28,11
researchers,2,401.4,28,11
distinctive,2,318.3,24,11
influential,2,264.5,20,11
resignation,1,378.9,24,11
video-taped,0,813.8,42,11
everything,359,1493.2,167,10
government,295,2425.5,660,10
particular,209,10.9,225,10
understand,203,156.2,149,10
absolutely,183,2104.8,44,10
difference,136,52,111,10
themselves,124,732.9,250,10
interested,110,62,85,10
experience,103,532.5,198,10
management,101,878.7,231,10
definitely,92,928.6,25,10
department,91,573.9,187,10
settlement,90,399.9,41,10
especially,89,607.9,187,10
completely,80,5.5,87,10
television,78,59.5,103,10
university,75,695.4,175,10
apparently,73,4.1,78,10
colleagues,72,49.1,54,10
conference,69,130.8,104,10
employment,65,219.3,112,10
eventually,59,152.6,95,10
individual,57,669.2,145,10
discussion,57,124.8,89,10
conditions,56,937.2,165,10
reasonable,56,5.7,62,10
investment,54,392.1,115,10
production,50,1105.7,168,10
throughout,48,574.2,124,10
presumably,48,73.2,31,10
population,45,873,142,10
afterwards,45,0.1,46,10
successful,44,551.6,115,10
everywhere,42,30.6,31,10
additional,41,200.2,77,10
commission,40,550.6,110,10
considered,39,1037.6,144,10
background,39,111.3,64,10
technology,38,836.1,127,10
industrial,38,804.5,125,10
parliament,37,551.8,104,10
facilities,37,273,80,10
difficulty,37,148.7,66,10
personally,37,41.8,25,10
membership,36,69.3,55,10
resolution,36,0.1,37,10
protection,35,374.3,86,10
procedures,35,77.9,55,10
Birmingham,35,0,34,10
Manchester,31,98.9,52,10
originally,31,58.3,47,10
altogether,31,0.2,32,10
suggestion,31,0,31,10
appreciate,30,4.1,26,10
activities,29,1031.4,126,10
introduced,29,568.6,92,10
confidence,29,352.2,75,10
commitment,29,193.1,60,10
neighbours,29,2.1,32,10
programmes,28,301.7,69,10
revolution,28,102.1,49,10
impression,28,61.1,44,10
unemployed,28,0,28,10
relatively,27,514.8,85,10
assessment,27,358,72,10
suggesting,27,0.9,25,10
importance,25,847,105,10
identified,25,324.5,66,10
definition,25,148.1,51,10
objectives,25,109.8,46,10
commercial,24,596.3,85,10
impossible,24,477.5,76,10
reasonably,24,16.6,31,10
proportion,23,374.4,68,10
sufficient,23,326,63,10
understood,23,303.3,61,10
conclusion,23,210.1,54,10
acceptable,23,68.3,38,10
frightened,23,1.8,21,10
situations,22,100.6,41,10
businesses,22,74.5,38,10
photograph,22,3.8,25,10
previously,21,506.8,74,10
individual,21,311.2,59,10
attractive,21,272.9,55,10
permission,21,50.3,34,10
percentage,21,19.7,29,10
committees,21,18.9,28,10
statements,20,161.8,44,10
newspapers,20,91.4,37,10
opposition,19,931.6,99,10
discovered,19,500.1,69,10
retirement,19,89.5,36,10
complaints,19,30.3,28,10
collection,18,753.1,85,10
remembered,18,370.5,58,10
atmosphere,18,293.5,52,10
properties,18,191,44,10
statistics,18,85,34,10
discussing,18,1.7,20,10
expression,17,729.6,81,10
associated,17,696.7,80,10
generation,17,307.2,53,10
initiative,17,147.7,39,10
boundaries,17,28.6,25,10
increasing,16,425.2,60,10
resistance,16,173.3,40,10
surprising,16,156.2,37,10
represents,16,132.7,35,10
nineteenth,16,125.2,35,10
continuous,16,50.7,28,10
solicitors,16,50,27,10
increasing,16,54.5,27,10
indication,16,32.2,24,10
operations,15,554.6,66,10
enterprise,15,264.3,45,10
restaurant,15,171.3,37,10
developing,15,126.4,33,10
travelling,15,47.2,25,10
guidelines,15,40.3,24,10
electrical,15,36.1,24,10
supporting,15,16.2,20,10
exhibition,14,473.3,59,10
encouraged,14,359.8,50,10
chancellor,14,208.4,39,10
supporters,14,214.1,39,10
philosophy,14,191.3,37,10
directions,14,39.8,23,10
aggressive,14,18.8,20,10
democratic,13,609.3,65,10
scientific,13,591.5,65,10
historical,13,532,60,10
curriculum,13,487.5,58,10
assistance,13,323,47,10
industries,13,321.3,47,10
constantly,13,146.4,33,10
developing,13,144.5,33,10
ultimately,13,116.4,31,10
physically,13,28.7,21,10
priorities,13,30.1,21,10
principles,12,599,62,10
characters,12,282.4,42,10
specialist,12,248,40,10
controlled,12,244.2,39,10
consistent,12,165.9,33,10
approached,12,148.5,31,10
interviews,12,92,26,10
thoroughly,12,55.7,22,10
techniques,11,646.6,65,10
frequently,11,647.1,63,10
discipline,11,604.5,60,10
literature,11,535.7,57,10
leadership,11,466.4,52,10
maintained,11,324,42,10
efficiency,11,286.3,40,10
threatened,11,280.1,40,10
processing,11,169.2,32,10
advantages,11,163.7,32,10
evaluation,11,162.7,30,10
contribute,11,131.8,28,10
psychology,11,120,28,10
experience,11,120.7,27,10
perception,11,73.3,23,10
preference,11,80,23,10
eighteenth,11,58.8,21,10
determined,10,737.1,67,10
provisions,10,387.7,45,10
reputation,10,315.4,40,10
connection,10,269,38,10
continuing,10,262.9,36,10
categories,10,245.9,36,10
assumption,10,213.7,33,10
recognized,10,192.5,32,10
structural,10,162.5,29,10
agreements,10,168.9,29,10
accounting,10,129.3,27,10
occupation,10,108.6,24,10
depression,10,92.2,24,10
federation,10,90.9,23,10
convenient,10,76.8,21,10
structures,9,459.3,48,10
candidates,9,387.5,44,10
scientists,9,326.1,39,10
comparison,9,274.8,36,10
profession,9,250.7,33,10
experiment,9,174.1,29,10
equivalent,9,164.7,27,10
references,9,95.9,22,10
continuing,9,79.5,21,10
describing,9,81,20,10
appearance,8,669.9,60,10
remarkable,8,346.2,39,10
components,8,304,35,10
impressive,8,263.8,32,10
enthusiasm,8,237.2,32,10
regulation,8,178.1,28,10
variations,8,195.6,27,10
vulnerable,8,178,27,10
Australian,8,177.7,26,10
artificial,8,100.3,21,10
inspection,8,95.9,21,10
equivalent,8,103.3,21,10
invitation,8,101.5,20,10
foundation,7,400.4,41,10
electronic,7,364.8,37,10
Washington,7,354.8,36,10
widespread,7,337.3,35,10
inevitably,7,288.8,34,10
concerning,7,295.5,33,10
registered,7,127.8,22,10
reflection,7,126.9,22,10
mechanical,7,125.4,21,10
functional,7,134.3,21,10
biological,7,127.7,21,10
complained,7,114.1,20,10
recognised,6,567.7,47,10
Gloucester,6,349.4,35,10
possession,6,289.4,31,10
undertaken,6,255.2,30,10
acceptance,6,245.7,29,10
excitement,6,248.6,29,10
influenced,6,232.6,28,10
passengers,6,229.7,28,10
completion,6,217.5,27,10
attempting,6,234.3,26,10
calculated,6,216.9,26,10
obligation,6,189.5,24,10
California,6,190.2,24,10
publishing,6,184.8,23,10
conversion,6,160.8,23,10
discretion,6,145.2,21,10
subsequent,5,597.8,48,10
convention,5,455.9,38,10
inevitable,5,300.5,30,10
laboratory,5,316.7,30,10
approaches,5,287.5,29,10
instrument,5,283,29,10
occasional,5,276.4,29,10
surrounded,5,257.3,27,10
inadequate,5,221.7,25,10
punishment,5,222.2,25,10
underlying,5,200.6,24,10
restricted,5,210.5,23,10
mechanisms,5,175.6,22,10
quantities,5,170.6,21,10
officially,5,155.4,20,10
containing,4,616.2,45,10
strategies,4,359.1,30,10
collective,4,276.3,26,10
transition,4,285.8,26,10
withdrawal,4,215.7,22,10
capitalism,4,215.5,21,10
associated,4,194.7,21,10
comparable,4,189.6,20,10
conception,4,192.9,20,10
questioned,4,178.4,20,10
liberation,4,186.4,20,10
phenomenon,3,310.9,24,10
unexpected,3,260.6,23,10
conviction,3,242.2,22,10
friendship,3,241.2,22,10
diplomatic,3,252.4,22,10
successive,3,239.6,21,10
separation,3,221.5,20,10
Darlington,2,1032.8,62,10
capitalist,2,323.3,23,10
succession,2,260.1,21,10
linguistic,1,423,27,10
securities,1,315.6,21,10
something,1290,9584.5,437,9
different,500,6.8,482,9
certainly,299,682.1,173,9
obviously,296,2620.9,89,9
important,280,411.2,405,9
everybody,267,4882.7,37,9
difficult,202,17.4,222,9
sometimes,199,2.4,206,9
Christmas,194,1125.5,76,9
committee,187,0.6,190,9
yesterday,177,19.1,197,9
situation,176,18.2,158,9
somewhere,173,1294.8,58,9
questions,153,8.4,141,9
therefore,152,356.2,241,9
afternoon,148,473.4,77,9
concerned,134,44.2,160,9
programme,131,235.5,197,9
community,125,658.5,243,9
authority,118,304.8,191,9
education,115,1148.6,277,9
mentioned,111,240.2,65,9
available,104,1531.5,291,9
secretary,96,284.3,161,9
Wednesday,95,525.5,38,9
otherwise,88,0,88,9
happening,86,482.7,35,9
structure,80,319.5,143,9
financial,78,641.1,175,9
president,76,660.1,174,9
companies,74,893.6,190,9
beginning,74,2.3,70,9
Yorkshire,74,208.2,40,9
statement,73,82.1,101,9
brilliant,73,375.2,31,9
political,71,2928.7,333,9
necessary,71,981.6,194,9
beautiful,70,41,89,9
expensive,69,21.9,57,9
ourselves,67,104.9,43,9
wonderful,66,66.7,47,9
insurance,65,5.3,71,9
listening,62,208.2,31,9
transport,61,63.6,84,9
generally,59,378.5,122,9
resources,59,271.2,111,9
countries,57,1115.4,180,9
paragraph,56,316.4,23,9
excellent,55,28.6,69,9
telephone,55,27.1,68,9
provision,54,169.1,91,9
attention,51,805.8,147,9
operation,50,350.9,106,9
proposals,48,78.4,71,9
surprised,48,0.3,47,9
extremely,47,88.4,71,9
including,45,2487.9,252,9
September,45,478.9,111,9
agreement,42,949.4,143,9
suggested,42,569.2,114,9
character,42,314.1,91,9
seriously,42,47.5,59,9
forgotten,42,4.5,37,9
direction,40,351.7,92,9
reference,39,272.4,82,9
equipment,38,424.8,95,9
procedure,38,88.5,60,9
knowledge,37,1314.3,158,9
decisions,37,270,80,9
thousands,37,75.8,57,9
breakfast,37,13.5,44,9
standards,36,571.5,103,9
dangerous,36,114.5,61,9
effective,35,628.5,107,9
providing,35,232.7,73,9
behaviour,34,1013.3,133,9
principle,34,404.8,87,9
gentleman,34,75.2,54,9
voluntary,34,8,40,9
advantage,33,309.3,78,9
technical,33,257.2,72,9
perfectly,33,37,46,9
furniture,33,1.7,36,9
strategic,33,2.9,30,9
following,32,974.3,126,9
carefully,32,321.9,76,9
treatment,31,1086.2,133,9
executive,31,404.1,83,9
Liverpool,31,137.6,58,9
reduction,31,78.3,50,9
wondering,30,12.1,24,9
following,29,1348.7,146,9
interests,29,839.4,113,9
discussed,29,345.1,75,9
customers,29,312.3,72,9
encourage,29,136.8,54,9
virtually,29,67,46,9
interview,29,59.4,44,9
practical,27,494.5,83,9
currently,27,390.2,75,9
employers,27,74.6,44,9
introduce,27,25.3,36,9
described,26,1725.5,162,9
developed,26,1013.2,119,9
essential,26,663.8,94,9
elections,26,267.9,63,9
occasions,26,55.6,40,9
computers,26,36,37,9
solicitor,26,13.1,32,9
explained,25,451.7,76,9
elsewhere,25,247.2,60,9
beginning,25,208.3,56,9
newspaper,25,180,53,9
Christian,24,337.6,66,9
committed,24,147.7,48,9
represent,24,135.4,48,9
recognise,24,59.4,38,9
recognize,24,4.2,21,9
increased,23,533.8,79,9
supported,23,293.4,60,9
professor,23,229.7,55,9
marketing,23,195.7,52,9
condition,22,701.9,90,9
buildings,22,451.2,72,9
religious,22,447.5,71,9
documents,22,144.8,46,9
democracy,22,134.9,45,9
communist,22,130.3,44,9
confident,22,44.2,34,9
conscious,22,29,32,9
objective,22,24.5,30,9
expecting,22,0.2,21,9
policeman,22,0.3,21,9
published,21,998.2,107,9
potential,21,482.5,71,9
employees,21,359.3,63,9
functions,21,269.8,55,9
inflation,21,175.1,48,9
contracts,21,180.8,47,9
plaintiff,21,34.4,31,9
inspector,21,26.9,30,9
allowance,21,0,22,9
presented,20,725.6,87,9
Edinburgh,20,393,64,9
temporary,20,115.7,40,9
recession,20,112,40,9
extension,20,88,37,9
residents,20,78.1,36,9
publicity,20,15.6,26,9
organized,20,0,20,9
selection,19,428.6,65,9
Australia,19,270,53,9
intention,19,245.3,51,9
efficient,19,152.3,42,9
producing,19,147.1,42,9
emergency,19,147.1,42,9
arguments,19,140.7,41,9
initially,19,136.4,40,9
hospitals,19,51.4,31,9
desperate,19,21.7,27,9
chemistry,19,0.5,20,9
expressed,18,605.1,75,9
permanent,18,248.4,48,9
statutory,18,143.2,40,9
gradually,18,128.8,39,9
favourite,18,90.4,34,9
delighted,18,36.9,27,9
recording,18,25.3,25,9
relations,17,1396.2,123,9
influence,17,798.4,87,9
challenge,17,366.7,57,9
naturally,17,227.4,46,9
Cambridge,17,139.1,39,9
precisely,17,138.2,37,9
ministers,16,637.8,74,9
materials,16,641.4,74,9
immediate,16,534.7,66,9
completed,16,433.7,59,9
potential,16,289.6,50,9
secondary,16,250.1,47,9
directors,16,260,47,9
regularly,16,197.6,41,9
Elizabeth,16,168.8,38,9
satisfied,16,101.3,32,9
increased,15,492,62,9
exception,15,94.6,31,9
accidents,15,13.5,20,9
appointed,14,572.7,66,9
establish,14,438.6,57,9
household,14,244.1,42,9
connected,14,130.1,33,9
addressed,14,92.8,29,9
judgement,14,71.8,26,9
announced,13,1430.9,116,9
officials,13,646.8,67,9
tradition,13,451.9,56,9
corporate,13,373,50,9
societies,13,340.5,47,9
indicated,13,335.8,47,9
pollution,13,309.3,45,9
sensitive,13,231.1,39,9
collected,13,183.5,36,9
promotion,13,186.1,36,9
delivered,13,154.5,33,9
receiving,13,132,31,9
Americans,13,111.9,30,9
operating,13,107,28,9
expertise,13,93.6,28,9
engineers,13,85.8,27,9
classroom,13,53.9,24,9
existence,12,754.6,72,9
processes,12,534,58,9
criticism,12,422.9,52,9
candidate,12,296.3,43,9
expansion,12,231.6,39,9
personnel,12,194,36,9
landscape,12,188.4,35,9
primarily,12,180.2,34,9
mechanism,12,151.8,31,9
pressures,12,108.7,28,9
suffering,12,109.8,28,9
evolution,12,87,26,9
convinced,12,93.8,26,9
machinery,12,93.5,26,9
catalogue,12,74.2,25,9
cigarette,12,72,24,9
automatic,12,66.2,24,9
regarding,12,44.5,21,9
democrats,12,47.1,21,9
specially,12,37.3,21,9
estimates,12,37.9,20,9
correctly,12,39.8,20,9
institute,11,544,58,9
attitudes,11,469.2,52,9
technique,11,445.4,50,9
shoulders,11,358.2,46,9
framework,11,319.9,43,9
determine,11,322.8,42,9
emotional,11,260.6,39,9
ownership,11,209.5,34,9
confusion,11,170.2,31,9
Newcastle,11,128.9,28,9
relatives,11,124.7,28,9
preparing,11,129.6,27,9
reception,11,101.1,26,9
increases,11,82.9,24,9
continued,10,1587.9,117,9
contained,10,506.8,53,9
confirmed,10,516,53,9
practices,10,455.1,49,9
involving,10,411.9,46,9
dependent,10,310,40,9
defendant,10,247.2,36,9
destroyed,10,235,34,9
operating,10,208.3,33,9
influence,10,127.1,27,9
spiritual,10,114.8,25,9
submitted,10,99.8,23,9
continues,9,382.1,43,9
positions,9,397.6,43,9
languages,9,277.1,36,9
sentences,9,210.4,31,9
childhood,9,209.8,31,9
Victorian,9,161.5,27,9
chemicals,9,112.2,23,9
electoral,9,113.1,23,9
Sheffield,9,103.2,23,9
meanwhile,8,558.5,53,9
long-term,8,448.2,45,9
liability,8,416.9,43,9
reflected,8,408.3,42,9
awareness,8,335,39,9
organised,8,296.1,35,9
Mountains,8,226.2,31,9
prospects,8,146.7,24,9
daughters,8,108.1,22,9
passenger,8,96,21,9
assistant,8,107,21,9
part-time,8,91.7,21,9
achieving,8,87.1,20,9
similarly,7,561.8,49,9
movements,7,517.8,48,9
remaining,7,473.9,45,9
socialist,7,340,36,9
estimated,7,325.6,35,9
territory,7,298.8,34,9
conducted,7,292.6,33,9
prisoners,7,287.7,33,9
economics,7,256.2,31,9
so-called,7,244.3,29,9
responses,7,231.2,29,9
solutions,7,206.8,28,9
generated,7,194.1,27,9
travelled,7,149,24,9
substance,7,152.7,24,9
full-time,7,134.7,22,9
justified,7,133.3,22,9
protected,7,134.8,22,9
economies,7,115.9,20,9
extensive,6,531.9,45,9
performed,6,473.4,43,9
returning,6,385.3,36,9
alongside,6,309.7,32,9
attracted,6,272.5,31,9
investors,6,278.1,30,9
infection,6,268.3,30,9
Alexander,6,253.4,28,9
cathedral,6,224.4,26,9
indicates,6,212.2,25,9
consumers,6,193.6,25,9
divisions,6,176.3,24,9
persuaded,6,154.2,23,9
reactions,6,170.2,22,9
scientist,6,160.1,22,9
reluctant,6,163.7,22,9
converted,6,168.3,22,9
stretched,6,162.2,22,9
Commander,6,155.7,21,9
increases,6,138.6,21,9
necessity,6,134.1,20,9
spokesman,5,538.7,44,9
discovery,5,318.5,31,9
dominated,5,323.5,30,9
variation,5,295.4,30,9
attempted,5,296.9,29,9
describes,5,278.4,29,9
component,5,293.2,28,9
qualities,5,255.6,27,9
prominent,5,224.8,25,9
admission,5,227.1,25,9
mortality,5,227.9,25,9
responded,5,218.8,24,9
identical,5,213.9,24,9
libraries,5,212.6,23,9
stability,5,221.2,23,9
recovered,5,218.1,23,9
typically,5,191,23,9
continued,5,215.3,23,9
desirable,5,201.2,23,9
separated,5,198.9,23,9
Microsoft,5,182.9,22,9
computing,5,158.3,21,9
champagne,5,163,21,9
consensus,5,145,20,9
demanding,5,136.6,20,9
principal,4,578.7,44,9
formation,4,602.8,44,9
centuries,4,509.7,39,9
paintings,4,473.3,36,9
classical,4,458,36,9
dismissed,4,405.4,33,9
abandoned,4,350,29,9
universal,4,337.8,28,9
succeeded,4,325.2,28,9
variables,4,248.6,24,9
preferred,4,233.1,23,9
exclusive,4,218.9,23,9
permitted,4,225.1,22,9
installed,4,222,22,9
commented,4,223.4,22,9
isolation,4,181.9,20,9
producers,4,171.5,20,9
suppliers,4,169.6,20,9
concluded,3,456.7,35,9
frequency,3,384.4,31,9
departure,3,320,25,9
creatures,3,272.9,23,9
specified,3,246.1,23,9
uncertain,3,249.2,22,9
sociology,3,262.4,22,9
searching,3,228.4,21,9
prevented,3,213,20,9
requiring,3,207,20,9
suspended,3,214.4,20,9
displayed,2,373.3,27,9
coalition,2,377.6,27,9
purchaser,2,259,20,9
resulting,2,251.9,20,9
whispered,1,492.4,28,9
discourse,1,437.1,25,9
because*,2039,14376.4,715,8
actually,1239,25097.6,147,8
anything,633,3716.7,248,8
probably,585,3222.7,237,8
thousand,516,10998.7,56,8
remember,513,4528,154,8
somebody,409,9932.6,34,8
children,367,261.2,477,8
question,310,172.3,240,8
whatever,289,1663,114,8
together,262,84.3,313,8
tomorrow,234,1831.4,76,8
business,225,643.4,373,8
problems,220,134.8,281,8
happened,195,237.6,132,8
yourself,182,509.7,99,8
thinking,179,771.9,82,8
national,165,1698.6,401,8
although,160,2604.6,468,8
training,156,93.8,198,8
finished,155,680.2,70,8
chairman,151,146.7,107,8
possible,147,1595.4,364,8
Saturday,147,471.1,76,8
services,138,668.6,262,8
interest,133,1000.4,288,8
supposed,133,1004.9,45,8
position,130,568.9,240,8
building,122,125.6,167,8
everyone,118,20.4,135,8
district,118,242.8,70,8
normally,112,109.4,79,8
decision,97,402.2,176,8
hospital,97,254.3,157,8
planning,95,0.1,96,8
straight,95,214.6,55,8
possibly,88,34.7,71,8
Thursday,88,620.8,31,8
officers,87,0.3,89,8
computer,85,277.5,145,8
terrible,85,292.3,42,8
evidence,82,1218.2,230,8
involved,80,31.7,98,8
language,79,914.2,200,8
football,79,23.8,66,8
anywhere,79,331.8,37,8
industry,77,1087.6,212,8
birthday,77,522.1,27,8
slightly,75,24.6,90,8
properly,73,49.8,55,8
pressure,72,249.3,125,8
European,69,1218.3,210,8
speaking,68,36.8,53,8
teachers,67,278.4,121,8
continue,66,304,124,8
personal,65,1051.3,189,8
consider,65,311.3,123,8
contract,64,305,120,8
further*,63,1698.4,234,8
standing,63,16.4,74,8
upstairs,63,487,21,8
practice,62,1041.6,184,8
positive,62,65.8,86,8
watching,62,1.9,66,8
congress,62,11.9,54,8
comments,62,103.5,39,8
recently,60,453.9,130,8
involved,60,250.6,109,8
research,59,2461.7,279,8
specific,58,375,119,8
policies,58,139.9,92,8
increase,57,212.7,100,8
starting,57,21.3,46,8
minister,56,2249.8,258,8
American,55,995.7,169,8
daughter,54,234.4,99,8
argument,54,131.5,86,8
economic,53,2315.7,257,8
meetings,53,0,54,8
previous,52,583.6,131,8
ordinary,52,46.4,70,8
majority,51,333.6,105,8
existing,51,271,99,8
function,51,123.3,81,8
regional,50,131.5,81,8
security,49,868.9,149,8
students,48,1004.5,157,8
approach,48,994.8,156,8
movement,48,840.6,145,8
division,48,262.9,95,8
Scotland,47,796.3,140,8
document,47,3.2,51,8
received,46,828.1,140,8
benefits,46,134.5,77,8
councils,46,39.3,33,8
property,45,781.5,135,8
suddenly,45,655.8,126,8
accident,45,73.8,66,8
prepared,45,11.8,53,8
bringing,45,2.5,49,8
Margaret,45,15.1,37,8
material,44,884.1,141,8
original,44,544.5,115,8
increase,44,149.9,76,8
produced,43,877.1,139,8
response,43,468.3,106,8
families,43,273.5,88,8
separate,43,204.2,80,8
exercise,43,81.2,65,8
complete,42,413.1,100,8
director,41,813.6,131,8
February,41,299.7,89,8
election,40,499.5,104,8
entirely,40,158.4,72,8
attitude,40,88.4,62,8
pictures,40,43.4,56,8
straight,40,22.9,30,8
products,39,626.6,114,8
referred,39,111.1,65,8
provided,38,999.8,140,8
strategy,38,123,64,8
changing,38,0.8,36,8
shopping,38,34.6,27,8
November,37,495.4,100,8
accepted,37,320.6,84,8
distance,37,173.9,70,8
sentence,37,98.4,60,8
mortgage,37,26.5,28,8
holidays,37,28.9,27,8
patients,36,1788.9,189,8
negative,36,23.3,46,8
expected,35,1366.9,159,8
activity,35,875,124,8
December,35,534.9,100,8
criteria,35,5.2,40,8
campaign,34,530,98,8
relevant,33,398.9,85,8
carrying,33,119.9,58,8
proposal,33,23,43,8
bathroom,33,27.7,24,8
standard,32,308.2,76,8
standard,32,132.7,58,8
wondered,32,77,50,8
enormous,32,31.8,43,8
wherever,32,38.3,22,8
trousers,32,40.1,22,8
compared,31,554.4,95,8
hundreds,31,26.7,41,8
absolute,31,5.2,35,8
standing,31,3.6,28,8
required,30,1489.3,157,8
included,30,1140.3,133,8
northern,30,282.7,70,8
accounts,30,256.5,69,8
customer,30,76.9,49,8
recorded,29,195.9,61,8
southern,29,169.9,58,8
brothers,29,15.5,37,8
followed,28,1658.2,163,8
directly,28,626,95,8
machines,28,107.3,50,8
thinking,28,64.1,44,8
electric,28,14.5,35,8
spending,28,0.4,30,8
sensible,28,0.3,27,8
laughing,28,8.4,24,8
teaching,27,224.9,60,8
planning,27,150.1,53,8
identify,27,148.9,53,8
guidance,27,11.6,33,8
opposite,27,8.8,33,8
whenever,27,7.1,32,8
analysis,26,1437.9,145,8
physical,26,791.6,103,8
reaction,26,218.9,59,8
prepared,26,177.1,55,8
exciting,26,19.4,34,8
realized,26,10.6,31,8
progress,25,528.3,82,8
examples,25,440.8,76,8
managers,25,282.8,62,8
violence,25,253.5,60,8
projects,25,233.2,59,8
liberal*,25,222.9,57,8
assembly,25,216.1,57,8
occasion,25,207.5,56,8
employed,25,152.7,51,8
describe,25,104.6,45,8
priority,25,33.1,35,8
secondly,25,4.7,29,8
achieved,24,590,86,8
becoming,24,463.9,77,8
solution,24,440.3,74,8
suitable,24,318.3,65,8
detailed,24,332.2,65,8
capacity,24,294.7,63,8
audience,24,249.8,58,8
location,24,82.2,42,8
proposed,24,81.2,41,8
learning,24,63.6,39,8
teaching,24,36.7,34,8
aircraft,23,357.8,66,8
magazine,23,176.5,50,8
friendly,23,87.3,40,8
spending,23,66.8,38,8
grateful,23,7,28,8
speakers,23,0.2,22,8
reported,22,1241.1,124,8
Scottish,22,979.4,107,8
strength,22,528,77,8
pleasure,22,252.1,56,8
database,22,54.3,35,8
boundary,22,1.9,20,8
designed,21,1043.8,110,8
marriage,21,660.4,85,8
politics,21,593.7,81,8
domestic,21,507.5,74,8
elements,21,435.7,69,8
purposes,21,355.1,63,8
critical,21,344.8,62,8
familiar,21,339.3,61,8
maintain,21,307.4,58,8
constant,21,214.9,51,8
strongly,21,196.5,49,8
breaking,21,29,31,8
feelings,20,310.9,57,8
thoughts,20,225.3,50,8
proposed,20,204.3,48,8
religion,20,187.5,47,8
stations,20,102.1,39,8
fighting,20,93.7,38,8
Thatcher,20,69.9,35,8
disabled,20,52.5,32,8
millions,20,24,28,8
subjects,19,693.7,84,8
conflict,19,358.5,60,8
affected,19,331.4,58,8
answered,19,127.9,40,8
churches,19,96.1,37,8
building,19,34.1,29,8
pregnant,19,5.8,23,8
formally,19,3.8,22,8
curtains,19,1.2,20,8
exchange,18,822.2,89,8
includes,18,576.2,73,8
patterns,18,430.9,63,8
learning,18,373,59,8
shoulder,18,245.9,49,8
premises,18,164.2,41,8
delivery,18,131.8,38,8
citizens,18,89.9,35,8
branches,18,82.8,34,8
employer,18,61.3,32,8
drinking,18,1.7,20,8
military,17,1317.2,119,8
software,17,1085.1,103,8
believed,17,839.4,90,8
internal,17,587,73,8
unlikely,17,416.1,61,8
visitors,17,312.5,52,8
surprise,17,295.2,51,8
somewhat,17,276.8,50,8
sections,17,273,50,8
indicate,17,215.5,44,8
approval,17,181.1,42,8
incident,17,158.7,39,8
attached,17,138.8,38,8
complete,17,111.9,36,8
disaster,17,59.9,30,8
villages,17,62.6,29,8
switched,17,7.7,21,8
appeared,16,1328.4,117,8
features,16,861.1,88,8
measures,16,585.3,71,8
occurred,16,427.8,59,8
greatest,16,375,55,8
accurate,16,87.3,31,8
medicine,16,69,29,8
entitled,16,50.7,27,8
concerns,16,50.5,26,8
engineer,16,24.6,23,8
official,15,834,84,8
powerful,15,734.6,79,8
intended,15,710.9,76,8
ministry,15,374.6,54,8
offering,15,263.2,45,8
approved,15,224.8,42,8
relating,15,186,39,8
vehicles,15,109.9,33,8
improved,15,72.5,29,8
pleasant,15,67.6,28,8
memories,15,68.9,28,8
sergeant,15,68.1,28,8
platform,15,63.5,27,8
resource,15,29.1,23,8
Lawrence,15,26.8,22,8
confused,15,13.9,20,8
emphasis,14,476,59,8
released,14,422.1,55,8
arranged,14,250.2,43,8
promised,14,256.5,42,8
mountain,14,235.1,42,8
partners,14,242.8,42,8
valuable,14,233.3,42,8
informed,14,148.6,35,8
employee,14,132.5,33,8
stronger,14,75,28,8
equation,14,60.7,26,8
listened,14,46.3,25,8
enjoying,14,33.8,23,8
corridor,14,32.2,22,8
expenses,14,25.3,21,8
provides,13,1016.5,92,8
regarded,13,799.2,77,8
suffered,13,489.3,59,8
payments,13,339.4,48,8
painting,13,258.8,41,8
struggle,13,247.8,40,8
agencies,13,217.1,39,8
adequate,13,210.8,38,8
earnings,13,167.5,34,8
entrance,13,144,33,8
festival,13,144.7,33,8
reducing,13,137.5,31,8
covering,13,125.7,31,8
changing,13,78,26,8
persuade,13,63.9,25,8
facility,13,56.6,24,8
contacts,13,41.7,22,8
returned,12,1434.7,114,8
suggests,12,781.6,74,8
transfer,12,475.7,55,8
consumer,12,375.6,47,8
Northern,12,356.9,47,8
creating,12,239.3,38,8
landlord,12,118.1,29,8
Victoria,12,105.8,27,8
exercise,12,86.8,25,8
hardware,12,55.1,22,8
assuming,12,35.1,20,8
railways,12,33.7,20,8
presence,11,1074.2,89,8
replaced,11,638.1,62,8
admitted,11,602.9,62,8
requires,11,563,58,8
external,11,486.7,54,8
creation,11,453.6,52,8
allowing,11,384.1,47,8
involves,11,362.7,45,8
believes,11,326.8,43,8
dramatic,11,321.3,42,8
soldiers,11,251.6,38,8
attended,11,243.4,38,8
studying,11,93.1,26,8
schedule,11,92.9,25,8
generous,11,92.1,25,8
everyday,11,65.4,22,8
midnight,11,38,20,8
criminal,10,427.8,48,8
extended,10,354.3,43,8
recovery,10,335.5,41,8
arrested,10,283,37,8
directed,10,256.4,37,8
discover,10,247.4,35,8
purchase,10,214.8,33,8
servants,10,190.2,32,8
measured,10,189.1,32,8
tendency,10,183.4,32,8
taxation,10,131.2,27,8
flexible,10,113.9,26,8
quantity,10,120.5,25,8
drawings,10,99.9,25,8
pointing,10,97.7,23,8
sympathy,10,82.1,23,8
clothing,10,83.8,23,8
reserves,10,68.1,21,8
messages,10,71.4,21,8
applying,10,72.7,21,8
carriage,10,61.5,21,8
relative,9,382.7,43,8
rejected,9,362.2,42,8
minority,9,287.2,37,8
category,9,284.2,36,8
supplied,9,277.4,36,8
prospect,9,256.8,34,8
overcome,9,157.7,28,8
gathered,9,161.5,27,8
produces,9,161,27,8
colleges,9,142.7,27,8
reminded,9,138.2,25,8
claiming,9,119.5,24,8
coverage,9,107.8,24,8
sessions,9,110.8,23,8
register,9,92.8,22,8
addition,9,100.3,22,8
mentally,9,87.8,21,8
remained,8,1406.2,101,8
cultural,8,900.9,72,8
Japanese,8,644.8,56,8
realised,8,580,54,8
academic,8,559.3,51,8
contains,8,518.6,50,8
launched,8,514,49,8
sequence,8,458.5,46,8
symptoms,8,289,34,8
princess,8,234.2,32,8
selected,8,219.8,31,8
relation,8,232.7,30,8
universe,8,185,28,8
treasury,8,203.7,28,8
explains,8,176,27,8
excluded,8,144.4,25,8
governor,8,158.5,25,8
historic,8,142.2,25,8
multiple,8,141.9,24,8
managing,8,146.3,24,8
reflects,8,133,23,8
resolved,8,126.6,23,8
expected,8,114.4,23,8
innocent,8,127.6,23,8
operated,8,120.6,22,8
generate,8,108.8,21,8
required,8,95.6,21,8
visiting,8,92.3,20,8
obtained,7,909.2,69,8
contrast,7,868,68,8
apparent,7,706.1,58,8
revealed,7,692.1,58,8
chemical,7,340.1,36,8
Williams,7,321.9,36,8
judgment,7,333.4,36,8
distinct,7,331.4,35,8
repeated,7,318.4,35,8
champion,7,312.3,35,8
controls,7,330.5,35,8
survival,7,313.1,34,8
contents,7,301.6,33,8
provided,7,287.6,32,8
articles,7,276,32,8
reaching,7,276,32,8
attacked,7,273.8,32,8
turnover,7,270.7,32,8
survived,7,235.1,29,8
overseas,7,238.2,29,8
injuries,7,217.6,28,8
ultimate,7,194.6,27,8
medieval,7,206.8,27,8
creative,7,191.4,27,8
entitled,7,180.2,25,8
rational,7,172.8,25,8
welcomed,7,186.8,25,8
entering,7,176.1,24,8
marginal,7,148.5,23,8
assessed,7,152.5,23,8
fighting,7,129.4,22,8
strictly,7,124.5,21,8
lifetime,7,113.3,20,8
diseases,7,101.1,20,8
attempts,6,615.2,51,8
republic,6,569.3,48,8
declared,6,552.7,47,8
identity,6,508.4,44,8
examined,6,408.6,39,8
advanced,6,363.4,36,8
catholic,6,362.7,35,8
numerous,6,358.2,35,8
occupied,6,254.7,28,8
supplies,6,222.8,27,8
Nicholas,6,232.4,27,8
informal,6,221.2,26,8
disposal,6,172,23,8
improved,6,173.9,23,8
sciences,6,168.6,23,8
heritage,6,143.2,21,8
outlined,6,135.3,21,8
refugees,6,144.3,21,8
deciding,6,132.1,20,8
earliest,6,130.8,20,8
insisted,5,443.5,37,8
findings,5,411,36,8
alliance,5,365,34,8
dominant,5,370.7,33,8
retained,5,256.8,26,8
offences,5,231.5,26,8
reliable,5,210,24,8
stressed,5,227.3,24,8
official,5,193.9,23,8
guardian,5,184.4,23,8
graphics,5,177.5,22,8
ensuring,5,172.9,21,8
invasion,5,180.6,21,8
abstract,5,170.5,21,8
emotions,5,154,21,8
explicit,5,171.2,21,8
observed,4,708.4,51,8
acquired,4,530.9,41,8
theories,4,510.3,40,8
currency,4,521.9,39,8
darkness,4,461.8,38,8
clinical,4,400,33,8
resulted,4,398.6,32,8
combined,4,338.8,30,8
concepts,4,320.1,29,8
consists,4,302.9,28,8
commonly,4,324.7,28,8
versions,4,261.5,26,8
confined,4,246.8,24,8
Atlantic,4,244.3,24,8
romantic,4,231.2,22,8
superior,4,213.2,22,8
networks,4,192.5,21,8
designer,4,192.8,21,8
creature,4,205.2,20,8
demanded,3,576.5,41,8
literary,3,502.6,37,8
monetary,3,422,31,8
imperial,3,327.4,27,8
frequent,3,338,26,8
exposure,3,329,25,8
ideology,3,262.8,23,8
collapse,3,262.1,23,8
declined,3,278.1,23,8
resigned,3,261,23,8
composed,3,244.9,22,8
wildlife,3,238.9,22,8
situated,3,227.8,21,8
breeding,3,222.1,21,8
merchant,3,217.5,20,8
restored,3,227.3,20,8
producer,3,224.2,20,8
Pakistan,3,230.4,20,8
judicial,2,405.1,27,8
province,2,342.4,25,8
laughter,2,342.2,25,8
chapters,2,302.4,22,8
deposits,2,285.8,21,8
duration,2,268.8,20,8
parallel,2,244.1,20,8
interior,2,275,20,8
moreover,1,834.1,48,8
lifespan,1,715.2,41,8
formerly,1,353.5,22,8
recalled,1,333,20,8
concrete,1,296.4,20,8
shrugged,0,469.6,26,8
murmured,0,421.6,21,8
autonomy,0,351.4,20,8
analysed,0,340.7,20,8
hundred,1023,23691.2,95,7
thought,845,2811.8,430,7
another,640,66.3,575,7
through,615,271.8,758,7
getting,539,4647.3,165,7
morning,459,2610.4,183,7
perhaps,444,271.3,339,7
looking,428,1009.7,245,7
talking,428,5463.6,93,7
council,424,413.2,300,7
whether,413,214.7,322,7
nothing,403,125.1,333,7
problem,348,126.3,283,7
between,338,5239.2,968,7
working,282,412.8,184,7
suppose,275,2237.7,88,7
already,267,210.6,352,7
started,261,436.5,165,7
against,257,2347.4,597,7
believe,257,105.7,207,7
minutes,253,278.3,175,7
anybody,249,5359.7,26,7
without,227,1611.1,483,7
members,224,222.4,305,7
fifteen,207,3222.3,36,7
country,204,538,332,7
service,204,395.4,312,7
exactly,201,782.9,96,7
o'clock,188,3095.5,30,7
someone,181,1.8,187,7
meeting,178,18.9,160,7
tonight,178,1466.4,56,7
certain,169,147.9,226,7
general,162,882.1,317,7
company,158,2157.8,429,7
million,157,417,256,7
through,155,376.9,88,7
putting,153,734.4,67,7
forward,151,16.8,135,7
usually,144,144.4,197,7
brought,143,230.8,211,7
British,141,1921.4,382,7
happens,140,984.6,49,7
trouble,138,265.3,84,7
special,125,559.4,231,7
towards,123,1331.3,305,7
changed,120,12.2,108,7
schools,118,106.5,159,7
labour*,118,16.5,133,7
sitting,117,163.4,77,7
traffic,114,325.5,61,7
running,113,7.6,103,7
quarter,112,192.1,70,7
parents,111,212.8,169,7
evening,108,83.6,142,7
playing,108,4.6,100,7
telling,108,401.2,53,7
clearly,107,177.7,159,7
numbers,107,3.6,114,7
figures,106,3.4,112,7
allowed,105,128.3,147,7
support,104,636.4,212,7
friends,104,185.9,156,7
various,101,242.9,161,7
quality,99,337.9,170,7
further,97,195.7,150,7
holiday,97,60.7,74,7
written,94,11.1,105,7
support,93,2.2,98,7
imagine,93,174.7,57,7
weekend,92,135.6,60,7
picture,91,23,107,7
however,90,7648.4,664,7
society,89,1379.3,256,7
section,89,715.5,197,7
decided,89,338.9,158,7
provide,88,1205.1,239,7
quickly,88,128.1,128,7
himself,87,2542.2,337,7
station,87,19.6,102,7
Michael,87,7.6,96,7
machine,87,1.3,84,7
project,84,314.1,148,7
control,83,1520.1,256,7
Tuesday,83,565.3,30,7
earlier,82,28.1,98,7
husband,80,116.5,116,7
officer,79,24.3,94,7
process,78,1317.3,231,7
totally,78,73,56,7
Britain,77,1857.7,271,7
Richard,77,63.1,102,7
suggest,77,19.5,90,7
housing,77,22.2,65,7
example,76,259.4,131,7
waiting,76,15.3,88,7
kitchen,75,8.2,83,7
reasons,74,136.5,112,7
walking,74,138.5,45,7
brother,73,19.8,87,7
account,72,403.8,142,7
college,72,108.1,105,7
central,71,1148.2,207,7
history,70,1176.2,207,7
stopped,70,85.4,99,7
benefit,70,9.6,79,7
depends,70,89.3,47,7
similar,69,1059.1,198,7
changes,69,1056.3,196,7
private,69,920.4,185,7
carried,69,470,146,7
pension,69,130.9,42,7
teacher,67,58.2,90,7
explain,67,23.6,81,7
subject,66,1059.8,192,7
present,65,680.9,158,7
manager,65,548.8,147,7
outside,65,304.6,122,7
careful,65,34.5,51,7
bedroom,65,112.6,41,7
several,64,2057.7,260,7
serious,64,396.7,131,7
whereas,64,0.5,62,7
correct,64,4.9,58,7
outside,64,23.3,52,7
workers,63,688.2,157,7
writing,63,0,63,7
produce,60,300.4,115,7
village,59,312.5,114,7
letters,59,66.7,81,7
labour*,58,657.8,146,7
current,58,619,142,7
product,58,344.7,117,7
clothes,58,37.3,75,7
weather,58,0.1,57,7
capital,57,615,141,7
England,56,2135.2,252,7
pleased,55,16.9,46,7
feeling,54,62.4,75,7
worried,54,69.8,36,7
America,53,331.7,109,7
covered,53,107.2,82,7
English,52,969.5,161,7
offered,52,389.4,112,7
windows,52,195.6,92,7
showing,52,23.8,64,7
greater,50,878,152,7
English,50,157.2,85,7
keeping,50,23.2,62,7
dealing,50,1.6,53,7
driving,50,35.7,37,7
noticed,49,3.3,53,7
comment,49,66.4,32,7
mention,49,106.3,29,7
finally,48,775.7,140,7
reports,48,142.8,80,7
married,48,8.7,55,7
matters,47,184.2,84,7
reading,47,1.4,50,7
selling,47,3.3,43,7
concern,46,360.6,102,7
managed,46,146.8,78,7
married,45,1.6,48,7
success,44,910,144,7
details,44,676.3,126,7
leaving,44,408.9,102,7
purpose,44,361.5,99,7
contact,44,66.6,64,7
cheaper,44,182.9,21,7
systems,43,1558.4,188,7
results,43,1157.2,159,7
natural,43,1060.8,154,7
economy,43,535,112,7
obvious,43,284.9,90,7
younger,43,20,54,7
address,43,14.5,52,7
century,42,2022.1,215,7
smaller,42,175.4,77,7
strange,42,94,66,7
enjoyed,42,20.4,52,7
advance,42,9.9,36,7
science,41,589,113,7
January,41,534.5,109,7
library,41,287,87,7
opinion,41,216.2,79,7
message,41,158.4,73,7
discuss,41,50.6,58,7
animals,40,342.5,91,7
dropped,40,70.9,59,7
ability,39,435.3,97,7
achieve,39,160.3,71,7
wedding,39,10.9,33,7
herself,38,1723.7,187,7
balance,38,319.4,86,7
receive,38,249,79,7
improve,38,120.6,65,7
feeling,38,87.4,60,7
element,38,77.6,58,7
Germany,37,675.9,114,7
develop,37,407.2,92,7
speaker,37,313.2,84,7
theatre,37,108.1,61,7
wearing,37,41.2,51,7
collect,37,25.6,27,7
glasses,37,56.8,24,7
parties,36,1030.2,137,7
October,36,694,114,7
becomes,36,302.9,82,7
meeting,36,27.6,47,7
include,35,1453.6,165,7
thought,35,567.3,102,7
medical,35,525.7,100,7
pattern,35,498.1,97,7
context,35,434.3,92,7
courses,34,379.7,86,7
regular,34,319.4,80,7
working,34,149.9,63,7
turning,34,137.2,61,7
fingers,34,132.7,61,7
finding,34,97.4,57,7
stories,34,50.3,49,7
knowing,34,48.4,49,7
biggest,34,40.9,48,7
factory,34,38.5,47,7
doctors,34,32.5,46,7
colours,34,32.7,46,7
present,34,16.9,42,7
staying,34,14.7,27,7
defence,33,939.4,126,7
effects,33,801.8,116,7
schemes,33,82.8,53,7
funding,33,11.6,40,7
helpful,33,1,32,7
tickets,33,21,25,7
knocked,33,41.5,22,7
factors,32,507.8,93,7
railway,32,320.7,77,7
average,32,191.7,65,7
writing,32,106.2,56,7
massive,32,36.5,45,7
mistake,32,10.8,38,7
degrees,32,0.6,31,7
savings,32,0.9,30,7
cutting,32,4.6,28,7
holding,31,328.8,77,7
watched,31,274.5,71,7
flowers,31,129.8,56,7
respect,31,89.9,51,7
amongst,31,63.5,47,7
somehow,31,51.2,46,7
helping,31,19.1,40,7
welcome,31,5.9,27,7
wanting,31,19.3,23,7
chapter,30,1589.3,163,7
primary,30,543.1,92,7
classes,30,216.8,64,7
session,30,62.5,46,7
seconds,30,39.8,43,7
calling,30,35.1,42,7
plastic,30,31.3,42,7
realise,30,23.4,40,7
outside,30,14.2,37,7
respond,30,9.1,36,7
Ireland,29,735.6,104,7
aspects,29,379,78,7
article,29,311,72,7
perfect,29,180.2,59,7
clients,29,105.7,51,7
reading,29,99.1,50,7
answers,29,2.7,32,7
control,28,162.2,55,7
vehicle,28,63.6,44,7
channel,28,49.4,41,7
licence,28,19.8,37,7
singing,28,22.6,21,7
foreign,27,1909.8,177,7
popular,27,932.2,115,7
network,27,416.4,78,7
earlier,27,403.5,75,7
charges,27,251.7,63,7
elderly,27,141.7,52,7
divided,27,55.4,41,7
willing,27,47.6,41,7
briefly,27,14.8,34,7
sending,27,0,26,7
suspect,27,22.2,20,7
western,26,852.6,107,7
records,26,435.4,76,7
related,26,233.1,60,7
farmers,26,159.7,53,7
falling,26,102.9,46,7
roughly,26,3.1,23,7
version,25,601.7,88,7
student,25,526,82,7
reduced,25,377.1,71,7
protect,25,183,54,7
setting,25,114.3,47,7
revenue,25,82.7,43,7
average,25,37.1,37,7
hanging,25,1.2,23,7
arrived,24,742.9,96,7
variety,24,717.4,95,7
overall,24,327.2,64,7
options,24,62.5,39,7
growing,24,43.1,36,7
pulling,24,0.3,24,7
nowhere,24,0.2,24,7
bearing,24,2.4,22,7
heating,24,7,20,7
created,23,705.7,92,7
reality,23,406.7,70,7
streets,23,200.4,52,7
release,23,188.7,51,7
journey,23,186.4,51,7
offices,23,137.7,46,7
trained,23,16.4,30,7
missing,23,16.9,30,7
Matthew,23,4.7,26,7
pushing,23,0.2,24,7
lessons,23,0,23,7
despite,22,1846,160,7
players,22,696.8,89,7
appears,22,611.5,83,7
instead,22,570,81,7
equally,22,431.6,71,7
concept,22,428,69,7
limited,22,411.2,69,7
payment,22,269.7,58,7
typical,22,215,52,7
invited,22,130.4,44,7
unusual,22,125.3,43,7
present,22,54.5,35,7
checked,22,6.7,26,7
disease,21,842.3,97,7
require,21,522.7,74,7
treated,21,514.8,74,7
package,21,336,61,7
opening,21,242.1,54,7
working,21,106.6,40,7
chances,21,39.4,32,7
deliver,21,0,22,7
surface,20,882.5,98,7
William,20,779.4,91,7
justice,20,519.8,73,7
applied,20,493.5,72,7
profits,20,369.6,62,7
charged,20,214.7,50,7
contact,20,152.5,44,7
survive,20,87.4,37,7
replace,20,80.9,36,7
airport,20,40.9,30,7
cleared,20,22.8,27,7
formula,20,23.1,27,7
nuclear,19,775.2,88,7
complex,19,624.2,78,7
grounds,19,457.7,66,7
finance,19,361.3,60,7
capable,19,287,53,7
measure,19,244.3,50,7
seeking,19,228.5,49,7
fashion,19,211.2,48,7
elected,19,224.5,48,7
involve,19,179.2,45,7
trading,19,143.6,41,7
dressed,19,112.4,39,7
charity,19,104.1,37,7
minimum,19,48.6,31,7
Charlie,19,37.7,29,7
letting,19,6,22,7
Russell,19,1.7,21,7
studies,18,1801.2,149,7
reached,18,1584.7,136,7
cabinet,18,534.5,71,7
freedom,18,476.5,65,7
centres,18,330.9,56,7
partner,18,298.7,53,7
Stephen,18,291.8,52,7
highest,18,268.8,51,7
operate,18,184.1,43,7
shortly,18,150.4,41,7
causing,18,89,34,7
drawing,18,76.9,33,7
welcome,18,38.6,28,7
drivers,18,32.1,27,7
compare,18,20.5,25,7
attempt,17,982.4,97,7
failure,17,771.9,85,7
patient,17,636.7,75,7
prevent,17,621.1,74,7
neither,17,384.7,58,7
Glasgow,17,210,45,7
cottage,17,90.1,33,7
surgery,17,49.6,28,7
targets,17,46.1,27,7
arrange,17,18.2,23,7
follows,16,1223.3,110,7
methods,16,1034.7,98,7
initial,16,554.2,68,7
growing,16,493,64,7
eastern,16,494.9,64,7
removed,16,501,64,7
closely,16,443.3,60,7
feature,16,427.3,59,7
adopted,16,371.2,55,7
ordered,16,330.6,53,7
planned,16,269.7,47,7
illness,16,121.5,35,7
benefit,16,94.4,32,7
stomach,16,87.6,31,7
leather,16,52.4,27,7
hearing,16,28.2,24,7
joining,16,18,23,7
sisters,16,9.1,21,7
culture,15,974.4,94,7
leaders,15,748.8,79,7
pointed,15,503.1,62,7
leading,15,412,56,7
regions,15,267.1,45,7
nations,15,249.4,44,7
Chinese,15,231,43,7
maximum,15,169,37,7
cricket,15,145.7,35,7
fishing,15,123.9,34,7
nervous,15,111.2,33,7
touched,15,107.8,32,7
opening,15,67.7,28,7
confirm,15,60.2,27,7
sectors,15,40.7,24,7
running,15,24.2,22,7
fortune,15,23.7,22,7
nearest,15,19.3,21,7
defined,14,471.3,59,7
captain,14,474.9,58,7
display,14,317.1,47,7
settled,14,234.8,42,7
gardens,14,197.4,39,7
mothers,14,155.3,35,7
express,14,133.1,34,7
crossed,14,132.3,32,7
alcohol,14,118.2,32,7
prepare,14,117,32,7
leisure,14,100.9,30,7
summary,14,97.4,30,7
expense,14,83.4,29,7
passing,14,85.4,28,7
mission,14,78.8,28,7
drawing,14,58.2,26,7
ceiling,14,46.6,24,7
matches,14,43,24,7
Bernard,14,31.3,22,7
whereby,14,18.4,20,7
monthly,14,16,20,7
species,13,1277.2,106,7
Charles,13,1173.6,100,7
claimed,13,1008.4,91,7
remains,13,860.9,82,7
largely,13,841.9,80,7
affairs,13,816.9,80,7
leading,13,614.1,67,7
efforts,13,535.1,61,7
billion,13,390,51,7
rapidly,13,364.6,49,7
content,13,344.9,49,7
crucial,13,353.9,48,7
warning,13,260.8,42,7
reflect,13,263.4,41,7
request,13,242.8,41,7
healthy,13,207.3,38,7
written,13,170.7,35,7
mixture,13,172.3,35,7
promote,13,151.9,34,7
winning,13,162.3,34,7
poverty,13,158.8,33,7
applies,13,107.1,30,7
penalty,13,98.3,28,7
painted,13,69.7,26,7
Anthony,13,60.3,25,7
arising,13,52,23,7
funeral,13,43.3,22,7
sharing,13,45.2,22,7
proceed,13,38.3,22,7
minimum,13,30.6,21,7
females,13,29.2,21,7
sources,12,752.3,73,7
meaning,12,740.2,72,7
refused,12,700,69,7
victory,12,574.5,61,7
welfare,12,439,52,7
granted,12,416,50,7
learned,12,407.5,50,7
quietly,12,323.7,45,7
persons,12,297.9,43,7
outcome,12,253.5,40,7
Patrick,12,149.5,32,7
related,12,147.2,32,7
housing,12,144.6,30,7
neither,12,142.6,30,7
anxiety,12,118.1,28,7
grammar,12,91.4,26,7
Douglas,12,82.9,25,7
Swindon,12,46.9,22,7
markets,11,667.2,64,7
largest,11,624.2,63,7
demands,11,499,55,7
passage,11,347.5,44,7
periods,11,321.9,43,7
weapons,11,335.5,43,7
genuine,11,222.8,36,7
extreme,11,230.8,35,7
perform,11,191.8,34,7
anxious,11,194,33,7
sounded,11,173.9,32,7
chamber,11,171.6,31,7
Bristol,11,155.5,31,7
violent,11,153.7,30,7
advised,11,116.6,26,7
amounts,11,102.9,26,7
kingdom,11,74,23,7
no-one*,11,57.8,22,7
justify,11,59.6,22,7
muscles,11,62.3,22,7
testing,11,48.7,21,7
remarks,11,46.6,20,7
closure,11,48.2,20,7
entered,10,702.6,65,7
absence,10,672.2,63,7
Russian,10,571.8,57,7
actions,10,493.4,53,7
Kingdom,10,419,48,7
assumed,10,389.1,45,7
heavily,10,362.1,44,7
Italian,10,360.4,44,7
accused,10,325.6,42,7
federal,10,335.3,42,7
offence,10,307.5,40,7
Commons,10,237.5,35,7
moments,10,238.2,35,7
dispute,10,199,32,7
storage,10,192.1,32,7
victims,10,200.3,32,7
pressed,10,189.4,31,7
climate,10,179.6,30,7
raising,10,128.7,27,7
Germans,10,137.4,27,7
illegal,10,130,26,7
logical,10,100,25,7
killing,10,72.1,21,7
painful,10,61.3,20,7
laughed,9,537.3,53,7
limited,9,394,44,7
Spanish,9,291.7,37,7
consent,9,276.2,35,7
experts,9,266,35,7
attacks,9,243,34,7
setting,9,228.5,33,7
hearing,9,227.7,32,7
shouted,9,224.5,32,7
routine,9,215,31,7
precise,9,217.2,31,7
samples,9,181.4,30,7
engaged,9,170.3,29,7
circuit,9,177.2,28,7
attract,9,155.8,27,7
located,9,159,27,7
serving,9,145.4,27,7
profile,9,119.7,24,7
succeed,9,111.8,23,7
satisfy,9,82.5,21,7
silence,8,733.1,62,7
ancient,8,634.7,55,7
contain,8,522.9,49,7
objects,8,498.3,49,7
African,8,486.3,47,7
visited,8,494.2,47,7
program,8,405.7,43,7
radical,8,352.3,40,7
Belfast,8,356.9,39,7
command,8,344.2,37,7
imposed,8,308,37,7
Johnson,8,299.1,35,7
classic,8,192.4,28,7
edition,8,177.6,27,7
deficit,8,143.4,25,7
explore,8,136.7,24,7
charter,8,139.5,24,7
farming,8,130.2,23,7
enables,8,121,23,7
removal,8,115.1,23,7
injured,8,117.7,23,7
Stewart,8,105.7,22,7
destroy,8,108.5,22,7
tourist,8,109.3,22,7
damaged,8,109.9,21,7
compete,8,101.8,21,7
unhappy,8,89.9,20,7
therapy,8,100.2,20,7
courage,8,94.5,20,7
heading,8,81.6,20,7
readers,7,574.4,51,7
gallery,7,524.9,47,7
general,7,514.4,47,7
decline,7,496.9,45,7
examine,7,393.8,40,7
writers,7,393.1,39,7
inquiry,7,356.9,38,7
reports,7,377.9,38,7
greatly,7,333.1,36,7
tension,7,334.3,36,7
ignored,7,314.5,35,7
musical,7,281.3,32,7
slipped,7,206.2,28,7
attempt,7,203,28,7
promise,7,183.8,26,7
account,7,187.3,26,7
complex,7,162.8,24,7
mystery,7,161.2,24,7
failing,7,156.2,23,7
winners,7,143,22,7
recover,7,127.6,22,7
fiction,7,126.1,21,7
opposed,7,107.2,20,7
surveys,7,108.3,20,7
assured,7,101.4,20,7
essence,7,109.7,20,7
release,7,101.5,20,7
artists,6,525.2,45,7
studied,6,496,43,7
protein,6,307.5,31,7
readily,6,289.8,31,7
protest,6,269.8,30,7
Zealand,6,266.7,29,7
existed,6,241.5,28,7
Francis,6,246.7,27,7
lawyers,6,227.6,26,7
curious,6,177,24,7
devices,6,170.7,24,7
banking,6,166.1,23,7
estates,6,139.4,22,7
implies,6,144.1,21,7
spirits,6,127,21,7
signals,6,127.2,20,7
skilled,6,124.2,20,7
shaking,6,121.7,20,7
replied,5,885,62,7
unknown,5,592.1,48,7
islands,5,450.8,39,7
supreme,5,435.7,37,7
stepped,5,332.3,32,7
distant,5,327.4,32,7
designs,5,311.9,31,7
reforms,5,297.4,30,7
founded,5,316.8,30,7
critics,5,306.3,30,7
thereby,5,309,29,7
comfort,5,274.9,29,7
awarded,5,276.3,27,7
passion,5,246.9,25,7
damages,5,223.2,24,7
visitor,5,218.3,24,7
assault,5,224.2,24,7
Jackson,5,181,22,7
Clinton,5,189.1,22,7
finance,5,180.8,21,7
escaped,5,176.1,21,7
colonel,5,170,21,7
terrace,5,159.3,20,7
Vietnam,5,147.4,20,7
enabled,5,165.8,20,7
emerged,4,546.2,42,7
visible,4,388.7,32,7
conduct,4,387.9,32,7
staring,4,390.8,32,7
decades,4,293.5,27,7
climbed,4,281.2,27,7
intense,4,266.6,26,7
customs,4,242.9,25,7
smiling,4,250.3,24,7
organic,4,222.2,23,7
gesture,4,214.3,22,7
acquire,4,218.7,22,7
display,4,200.3,21,7
masters,4,177.8,20,7
genetic,4,178.7,20,7
Cardiff,4,168.6,20,7
beneath,3,785.3,53,7
arrival,3,515.3,38,7
derived,3,522.4,37,7
Pacific,3,404.8,30,7
evident,3,364.3,29,7
authors,3,372.8,28,7
beliefs,3,317.2,26,7
journal,3,325.5,26,7
avoided,3,301.3,24,7
Van/van,3,284.7,24,7
exposed,3,251.2,22,7
lightly,3,235.5,21,7
venture,3,246.3,21,7
snapped,3,223.6,21,7
refusal,3,227.6,21,7
secured,3,215.9,20,7
origins,3,235.3,20,7
harbour,3,207.6,20,7
delight,3,205.9,20,7
modules,2,449.6,30,7
forests,2,283,22,7
digital,2,268.9,22,7
imports,2,267.4,21,7
exports,2,258.1,21,7
elegant,2,244.5,20,7
glanced,1,571.7,33,7
sharply,1,455.4,28,7
notably,1,402.1,26,7
emperor,1,368.7,24,7
gastric,0,454.2,23,7
grinned,0,347.1,20,7
going,2174,27109,482,5
people,2063,5371.8,1146,6
really,1727,24300.2,337,6
should,1173,38.1,1105,6
things,1103,9183.8,346,6
twenty,925,23929.7,67,6
little,700,4476.2,261,6
always,597,423.9,446,6
saying,577,6836.4,135,6
pounds,572,11301.3,71,6
number,531,34.3,488,6
coming,522,5045.2,146,6
thirty,520,12743,43,6
anyway,503,8512.4,78,6
having,452,299.2,341,6
school,431,94.1,368,6
though,410,7013.8,63,6
please,361,3259.4,106,6
before,316,4.4,304,6
wanted,314,287.9,225,6
trying,311,836.7,171,6
better,308,428.3,203,6
called,306,20.3,332,6
moment,285,196.6,214,6
twelve,278,4881.9,41,6
county,258,1648.7,96,6
within,253,1165.1,472,6
bloody,247,4983.3,30,6
person,244,1.5,250,6
enough,241,0.5,244,6
lovely,231,3379.6,43,6
before,230,529.7,133,6
second,224,659.4,373,6
making,224,73.4,269,6
taking,224,1.9,217,6
policy,223,63.6,264,6
before,220,1465.3,459,6
couple,220,748.1,111,6
minute,219,1907,66,6
report,215,50.3,251,6
months,211,68,252,6
found*,209,2304.7,521,6
looked,209,771.5,368,6
rather,209,0.6,213,6
either,198,26.4,222,6
better,197,215.9,137,6
around,196,20.3,217,6
bought,194,1068.8,79,6
system,189,2141.5,476,6
police,186,396.5,288,6
mother,184,299.3,271,6
reason,180,0,181,6
across,173,108.6,222,6
family,171,1226.6,365,6
office,168,400.1,267,6
indeed,166,32.9,191,6
thanks,162,1361.9,50,6
change,160,148,114,6
myself,159,97.7,122,6
happen,156,515.9,80,6
health,154,452.1,257,6
eleven,154,2566.5,24,6
during,152,2833.1,473,6
worked,152,53.5,124,6
Friday,150,1357.8,44,6
matter,145,38.6,171,6
nobody,144,944.9,53,6
course,143,128,192,6
Sunday,143,277.8,87,6
father,142,524.6,251,6
amount,138,5.1,147,6
around,137,572.9,249,6
street,137,208.5,200,6
market,135,1147.1,305,6
centre,133,552.3,242,6
London,132,2022.6,377,6
letter,132,1.3,136,6
Monday,130,982.9,44,6
nearly,127,13.7,114,6
others,126,1235.2,301,6
enough,125,230.5,77,6
listen,125,709.4,50,6
wonder,124,1111.8,37,6
unless,122,15.3,109,6
behind,121,429.6,211,6
expect,119,17.2,104,6
answer,119,87.4,89,6
motion,119,963.9,38,6
almost,118,1831.4,339,6
anyone,118,84.6,153,6
forget,117,471.4,55,6
bottom,117,589.6,50,6
social,115,3523.1,458,6
fairly,114,323.1,62,6
giving,113,13.3,126,6
actual,112,271.1,63,6
period,111,1020.2,258,6
asking,111,355.3,57,6
change,110,556.3,212,6
points,110,2.2,116,6
budget,110,104.6,78,6
become,109,1866.2,326,6
chance,109,42.6,133,6
pretty,108,559.5,45,6
church,107,615.8,214,6
doctor,106,0.2,105,6
itself,105,1052.8,252,6
public,102,1762.4,306,6
friend,102,303.8,171,6
matter,101,876.2,30,6
turned,100,1269.4,263,6
future,99,165.3,147,6
simply,98,488.7,187,6
figure,97,424.4,178,6
houses,97,0,96,6
colour,96,26.1,113,6
moving,96,6.6,88,6
dinner,95,168.8,59,6
paying,95,473.2,41,6
single,94,538.6,187,6
accept,94,2.2,99,6
Oxford,92,6,85,6
likely,91,1197.8,243,6
window,91,23.8,107,6
region,91,8.5,100,6
places,91,0,91,6
coffee,90,90,64,6
action,88,1170,236,6
normal,88,134,129,6
garden,88,43.8,110,6
effect,87,1282,244,6
middle,86,126.9,56,6
groups,85,871.9,206,6
member,85,649.6,185,6
agreed,85,258.1,142,6
corner,85,16.2,73,6
stupid,83,640.5,27,6
simple,81,335,147,6
ground,80,484.9,163,6
issues,80,181.4,125,6
income,80,172.7,125,6
finish,80,738.1,23,6
scheme,78,190,124,6
sounds,78,509,29,6
needed,77,662.3,175,6
strong,77,606.9,170,6
bigger,76,406.4,31,6
proper,75,16.6,64,6
afford,75,191.5,42,6
result,74,1007.5,200,6
living,74,3.2,79,6
record,73,299.3,133,6
choice,72,258.1,126,6
double,72,44.7,55,6
summer,69,229.1,118,6
decide,69,0.5,67,6
played,68,226.6,117,6
safety,68,49.5,88,6
talked,68,125.9,42,6
common,67,1075.8,196,6
higher,66,755.3,167,6
public,66,117.2,99,6
picked,66,1.6,63,6
client,66,4.6,60,6
easier,65,69.3,45,6
Christ,65,74,45,6
advice,64,204.9,109,6
nature,63,1150.8,195,6
weight,63,76.2,88,6
Europe,62,1188.4,195,6
surely,62,0.4,64,6
second,62,7.2,55,6
thinks,62,134.2,36,6
sector,61,103.8,90,6
sister,61,29,76,6
seeing,61,0.1,61,6
honest,61,300.6,26,6
seemed,60,2144.8,259,6
answer,60,10.9,52,6
starts,60,113.8,37,6
afraid,59,0.2,60,6
buying,59,82.9,39,6
useful,58,248.9,106,6
follow,58,181.8,98,6
prices,57,257.6,106,6
extent,57,256.6,105,6
plenty,57,25.7,45,6
lights,57,28.1,45,6
George,56,370.6,117,6
debate,56,32.4,71,6
missed,56,61.1,39,6
walked,55,215.6,99,6
united,55,33.5,70,6
pieces,54,0.5,56,6
papers,53,22.8,65,6
fourth,51,17.7,62,6
bottle,51,28.5,40,6
modern,50,752.5,141,6
passed,50,420.5,113,6
charge,50,241.2,94,6
choose,50,62.5,70,6
Martin,50,2.4,53,6
manage,50,20.3,40,6
access,49,361,106,6
easily,49,349.7,104,6
horses,49,0,49,6
rights,48,778.6,139,6
levels,48,641.3,129,6
yellow,48,12.2,41,6
caught,47,251.5,91,6
inside,47,131.6,77,6
hardly,46,282.6,93,6
became,45,2381.7,244,6
opened,45,628.2,124,6
detail,45,53.1,63,6
notice,45,28,34,6
energy,44,749.9,131,6
spirit,43,97.2,67,6
branch,43,24.2,54,6
degree,42,488.4,106,6
raised,42,437.7,102,6
Andrew,42,1.7,45,6
ladies,42,28.3,32,6
direct,41,564.2,112,6
Robert,41,247.5,84,6
eating,41,42.7,29,6
cheese,41,83.7,24,6
French,40,1031.4,145,6
France,40,851.7,133,6
killed,40,344.8,91,6
winter,40,186.5,74,6
estate,40,49.3,56,6
agenda,40,117.3,22,6
skills,39,424,97,6
future,39,346.2,90,6
review,39,283.7,83,6
either,39,78,60,6
notice,39,70,59,6
hoping,39,4.3,35,6
favour,39,87.7,22,6
memory,38,266.1,80,6
mainly,38,202.3,74,6
middle,38,188.8,73,6
engine,38,35.5,51,6
inside,38,34.4,51,6
stayed,38,8.9,44,6
parish,38,0.7,39,6
longer,38,0.4,39,6
little,37,1917.5,200,6
season,37,722,118,6
ensure,37,636.5,111,6
impact,37,259.5,79,6
pulled,37,205.1,73,6
relief,37,170.3,70,6
profit,37,83.3,58,6
recent,36,1540.6,173,6
growth,36,1061.1,141,6
United,36,838.5,124,6
showed,36,706.8,115,6
leader,36,513.1,99,6
length,36,244.7,76,6
bridge,36,110.4,61,6
unions,36,21,46,6
clever,36,69.1,22,6
series,35,1323.1,156,6
theory,35,1108.9,142,6
design,35,927.9,129,6
beyond,35,719.5,114,6
States,35,430.2,90,6
league,35,408.3,89,6
effort,35,330.2,83,6
living,35,33.4,47,6
prefer,35,0.8,37,6
stairs,35,0.8,37,6
create,34,406.5,87,6
closed,34,364.3,84,6
helped,34,333.3,81,6
driver,34,92.3,56,6
affect,34,53.6,49,6
supply,33,265.6,74,6
whilst,33,143.3,61,6
pocket,33,1.8,36,6
pretty,33,11,27,6
survey,32,398,84,6
square,32,28.7,43,6
assume,32,24.8,42,6
record,32,35.7,22,6
appear,31,881.1,118,6
annual,31,453.6,86,6
speech,31,422.1,84,6
joined,31,335.9,77,6
option,31,134.8,57,6
report,31,0.7,29,6
petrol,31,25,23,6
demand,30,577.3,95,6
August,30,446.6,85,6
reduce,30,334.7,76,6
forest,30,332.7,75,6
danger,30,216.8,64,6
orders,30,125.5,55,6
strike,30,27.3,40,6
carpet,30,16.8,23,6
caused,29,712.1,103,6
credit,29,360.1,76,6
master,29,242.8,65,6
reform,29,159.2,57,6
sports,29,60.9,45,6
across,29,11.4,36,6
longer,29,6.2,34,6
nights,29,0.5,28,6
Stuart,29,34.4,20,6
senior,28,534.8,89,6
damage,28,388.5,76,6
target,28,303.4,69,6
taught,28,31.4,39,6
tables,28,1.3,30,6
ticket,28,19.4,21,6
learnt,28,21,21,6
highly,27,710.5,99,6
method,27,690.5,98,6
attack,27,492.9,83,6
filled,27,170.5,55,6
guilty,27,69.8,44,6
mostly,27,55,41,6
parent,27,38.2,39,6
losing,27,22.6,36,6
finger,27,8.2,33,6
Arthur,27,0.6,29,6
square,27,1.2,26,6
asleep,27,2.3,24,6
lesson,27,9.8,22,6
forces,26,1102.6,124,6
Africa,26,539.4,84,6
animal,26,374.3,72,6
factor,26,303.3,67,6
broken,26,90.9,45,6
spoken,26,1.8,29,6
recall,26,0.4,25,6
famous,25,375.8,70,6
agency,25,292.5,63,6
player,25,257.6,60,6
bright,25,227,58,6
brings,25,22.1,33,6
camera,25,2.1,27,6
sheets,25,0.3,24,6
butter,25,8.7,20,6
German,24,918.9,107,6
larger,24,552.1,82,6
active,24,494.7,78,6
prison,24,372.5,69,6
fields,24,281.5,62,6
partly,24,273.9,61,6
aspect,24,117.5,46,6
carbon,24,0.6,25,6
events,23,1048.3,114,6
remain,23,809.5,98,6
failed,23,774.2,96,6
status,23,769.8,95,6
return,23,741.3,95,6
forced,23,560.3,80,6
latest,23,410.2,70,6
signed,23,300,61,6
pushed,23,220.9,54,6
screen,23,181.4,51,6
spread,23,157.1,49,6
Graham,23,113.4,44,6
stress,23,86.2,40,6
phrase,23,24.6,31,6
jacket,23,23.5,31,6
bodies,22,495.8,75,6
spring,22,287.4,59,6
except,22,118.7,43,6
travel,22,81.8,39,6
travel,22,73.6,37,6
thrown,22,33,31,6
heaven,22,3,25,6
chairs,22,2.1,20,6
former,21,2312.2,187,6
slowly,21,671.8,86,6
plants,21,555.7,78,6
powers,21,489.2,73,6
formal,21,454.9,69,6
suffer,21,68.3,36,6
French,21,68.5,36,6
metres,21,65.4,35,6
except,21,38,31,6
stands,21,30.9,30,6
repeat,21,14.1,27,6
purely,21,11.6,26,6
closed,21,0.9,20,6
pupils,20,741,88,6
states,20,666.8,83,6
Thomas,20,515.5,73,6
enable,20,234.3,51,6
facing,20,120,40,6
ignore,20,10.4,25,6
appeal,19,941.3,100,6
source,19,942,99,6
shares,19,723,86,6
served,19,492.6,69,6
crisis,19,420.9,64,6
mental,19,397.9,62,6
volume,19,346.8,58,6
cancer,19,186.9,45,6
expert,19,149,42,6
abroad,19,143.7,42,6
mirror,19,121.9,40,6
shared,19,117.1,38,6
copies,19,97.7,37,6
circle,19,85,36,6
adults,19,80.3,35,6
handle,19,27.9,27,6
babies,19,14.9,25,6
advise,19,2,21,6
Tories,19,1,20,6
Soviet,18,1291,119,6
return,18,751.4,84,6
merely,18,715.6,83,6
island,18,543,72,6
worker,18,135.3,39,6
fallen,18,127.4,38,6
attend,18,119,38,6
wooden,18,124.7,38,6
throat,18,90.4,34,6
leaves,18,50.6,30,6
relate,18,33.1,27,6
Gordon,18,34.3,27,6
inches,18,13.3,24,6
intend,18,5.6,21,6
placed,17,910.5,94,6
sexual,17,641.9,75,6
battle,17,544.3,69,6
output,17,447.8,63,6
threat,17,435.5,61,6
sample,17,251,47,6
beauty,17,218.8,45,6
acting,17,207.4,44,6
agents,17,159,40,6
behind,17,119.3,36,6
slight,17,71.9,31,6
nurses,17,35.6,26,6
belong,17,7.8,21,6
career,16,793.2,84,6
Edward,16,647.5,75,6
female,16,519.5,65,6
chosen,16,335.4,53,6
narrow,16,326.5,53,6
Russia,16,265,46,6
Wilson,16,215.9,42,6
deputy,16,203.7,41,6
height,16,174.4,40,6
handed,16,160.3,38,6
depend,16,139.2,37,6
adding,16,112.7,33,6
broken,16,80.7,30,6
scored,16,78.6,30,6
Maggie,16,62.3,28,6
define,16,39.1,25,6
flying,16,23.6,23,6
wonder,16,5.6,20,6
values,15,786.4,82,6
formed,15,704,77,6
unable,15,612.8,69,6
beside,15,506.2,63,6
issued,15,467.9,61,6
object,15,424.9,57,6
nation,15,285.2,47,6
Philip,15,229.4,42,6
silver,15,219.1,41,6
marked,15,196.3,39,6
arrive,15,101.1,31,6
tennis,15,84.2,30,6
locked,15,56.7,27,6
settle,15,46.3,26,6
jumped,15,50.1,25,6
regard,15,42.2,25,6
flower,15,24.2,23,6
drinks,15,24.9,22,6
routes,15,23.3,22,6
trains,15,11.6,20,6
proved,14,723.9,75,6
courts,14,559.9,65,6
breath,14,409.4,55,6
entire,14,378.5,52,6
severe,14,335.9,50,6
struck,14,293.9,45,6
stages,14,277.7,44,6
remove,14,244.1,42,6
leaves,14,202,39,6
living,14,197.7,39,6
fitted,14,164.8,35,6
extend,14,134.7,33,6
Norman,14,56,25,6
timber,14,42.5,24,6
stores,14,39.7,24,6
unfair,14,16.7,20,6
manner,13,607,66,6
prince,13,589.5,64,6
murder,13,495.4,58,6
claims,13,479.3,57,6
injury,13,366.1,50,6
cities,13,340.3,47,6
allows,13,288.2,45,6
linked,13,269.8,43,6
border,13,272.1,43,6
duties,13,256.1,41,6
stones,13,174.7,35,6
exists,13,171.4,34,6
signal,13,113.1,29,6
string,13,102.1,29,6
supply,13,96.2,28,6
dreams,13,80.8,26,6
plates,13,70.2,25,6
racing,13,61,24,6
Oliver,13,54.5,24,6
Albert,13,50.7,23,6
farmer,13,41.7,23,6
female,13,42.5,22,6
format,13,34.1,22,6
refers,13,32.1,20,6
cinema,13,27.6,20,6
covers,13,23.4,20,6
museum,12,775.2,74,6
flight,12,480.3,56,6
search,12,475,55,6
assets,12,349.7,47,6
column,12,140,30,6
boards,12,136.2,30,6
cattle,12,106.9,27,6
blocks,12,54.2,22,6
pursue,12,38.3,20,6
grants,12,36.6,20,6
studio,11,969.8,83,6
argued,11,745.2,71,6
belief,11,531.4,56,6
troops,11,463.9,53,6
stated,11,467.5,52,6
palace,11,412.3,48,6
valley,11,400,47,6
unique,11,398.2,47,6
vision,11,376.5,46,6
golden,11,297.9,42,6
Indian,11,309.3,41,6
owners,11,279.6,41,6
wished,11,278.7,40,6
begins,11,229.3,35,6
winner,11,204.1,34,6
shadow,11,183.1,32,6
junior,11,151.7,30,6
assess,11,144.4,29,6
tested,11,133.7,28,6
retain,11,123.9,27,6
steady,11,111.3,27,6
tongue,11,99.7,26,6
tunnel,11,98.1,25,6
cotton,11,82.4,24,6
urgent,11,66.5,23,6
superb,11,71.2,22,6
causes,11,48.9,21,6
desire,10,540.1,55,6
castle,10,495.2,52,6
artist,10,379,44,6
victim,10,347,43,6
autumn,10,340.8,43,6
editor,10,341.9,42,6
Taylor,10,313,39,6
secret,10,290,39,6
visual,10,265.9,37,6
guests,10,267.9,37,6
Israel,10,247.3,35,6
driven,10,195.1,32,6
limits,10,192.3,32,6
visits,10,166.2,30,6
tended,10,166.2,29,6
burden,10,137,28,6
assist,10,126.8,27,6
quoted,10,120.4,26,6
weekly,10,103.2,24,6
prayer,10,80.4,22,6
defend,10,72.5,22,6
strict,10,70.9,22,6
chapel,10,68.3,21,6
appeal,10,55.2,20,6
sought,9,634.4,58,6
obtain,9,501.2,50,6
rarely,9,431.5,46,6
lifted,9,357.5,42,6
writer,9,358.7,41,6
notion,9,325.4,40,6
clause,9,328.8,39,6
rising,9,313.7,39,6
affair,9,280,36,6
stable,9,239,33,6
fought,9,221.1,32,6
remote,9,208.3,31,6
writes,9,176.9,28,6
closer,9,154.2,28,6
closer,9,95.2,22,6
tissue,9,93.7,22,6
Clarke,9,87.6,22,6
weapon,9,84.6,21,6
topics,9,83.1,20,6
earned,9,79.8,20,6
impose,9,78.9,20,6
widely,8,722.9,62,6
treaty,8,616.3,55,6
gently,8,441.6,44,6
waited,8,427.9,43,6
sudden,8,425.9,43,6
losses,8,382.1,42,6
gained,8,389.9,40,6
global,8,342.4,39,6
regime,8,330.8,38,6
Joseph,8,258.6,32,6
Canada,8,255.4,32,6
device,8,236.5,31,6
secure,8,225.8,30,6
headed,8,195.1,29,6
Howard,8,197.9,29,6
fellow,8,195.7,28,6
listed,8,189.2,27,6
backed,8,179.2,27,6
medium,8,171.6,26,6
bitter,8,159.3,26,6
voices,8,176.5,26,6
hotels,8,164,25,6
awards,8,153,25,6
Rachel,8,145.6,24,6
Jewish,8,141.8,24,6
namely,8,136.5,23,6
refuse,8,127.5,23,6
fabric,8,133.4,23,6
horror,8,131.1,23,6
dollar,8,104.3,22,6
flying,8,85.8,20,6
models,7,697.5,58,6
firmly,7,481.4,44,6
warned,7,458.4,44,6
deeply,7,400.9,41,6
decade,7,429.8,41,6
claims,7,402.9,40,6
empire,7,396.4,40,6
occurs,7,334.6,36,6
breach,7,304.3,33,6
escape,7,271.6,31,6
sounds,7,219.5,28,6
tenant,7,223.3,28,6
judges,7,204.7,27,6
deaths,7,206.6,27,6
buried,7,171,26,6
Dublin,7,164.8,25,6
modest,7,176.9,25,6
waters,7,155.1,24,6
strain,7,148.1,24,6
secret,7,164.3,23,6
demand,7,141.6,23,6
trends,7,148.5,23,6
rivers,7,127.3,21,6
resist,7,123.1,21,6
retail,7,116.7,21,6
rolled,7,125.1,21,6
stolen,7,118.8,21,6
beaten,7,111.2,20,6
offers,6,594.5,50,6
unlike,6,519.9,44,6
wealth,6,461.2,42,6
silent,6,462,42,6
denied,6,436.7,41,6
images,6,407.8,39,6
result,6,383.2,37,6
poetry,6,291.9,32,6
gentle,6,291.2,31,6
stream,6,230.2,27,6
liable,6,203.2,24,6
lawyer,6,196.2,24,6
errors,6,178.1,23,6
priest,6,162.7,23,6
marked,6,172.6,23,6
hidden,6,170.4,22,6
Harris,6,152.1,21,6
shapes,6,151.6,21,6
resort,6,138.8,20,6
launch,6,131.5,20,6
desert,6,125.5,20,6
differ,6,129.7,20,6
subtle,6,131.3,20,6
though,5,4885.8,273,6
latter,5,1272.3,86,6
author,5,591,48,6
reader,5,557.7,45,6
Moscow,5,352.6,33,6
points,5,361.4,33,6
origin,5,340.7,32,6
holder,5,331.3,31,6
smooth,5,307.6,31,6
bishop,5,323.3,31,6
guitar,5,302.7,30,6
causes,5,282.3,29,6
Durham,5,246.4,27,6
ethnic,5,226.2,25,6
mutual,5,238.8,25,6
wholly,5,216,24,6
humour,5,207.3,24,6
honour,5,223.5,24,6
titles,5,204.8,23,6
talent,5,211.6,23,6
scenes,5,193,23,6
export,5,177.9,22,6
warmth,5,193.8,22,6
doubts,5,164.6,22,6
styles,5,173.2,21,6
voters,5,187.9,21,6
stored,5,177.7,21,6
virtue,5,169.7,20,6
tonnes,5,166.1,20,6
Bishop,5,158.4,20,6
defeat,4,400.3,33,6
Berlin,4,335.4,30,6
glance,4,271.5,25,6
Poland,4,225.9,23,6
emerge,4,233.2,23,6
Miller,4,224.9,22,6
equity,4,205.9,21,6
tracks,4,216.5,21,6
escape,4,191.8,21,6
states,4,188.3,21,6
Walter,4,187,20,6
random,4,175.9,20,6
Morgan,4,188,20,6
smiled,3,1383.3,84,6
little,3,762.7,49,6
module,3,499.7,36,6
reveal,3,361.2,29,6
summit,3,341.1,28,6
argues,3,305.3,26,6
barely,3,291.6,25,6
nearby,3,282.9,24,6
trials,3,273.5,23,6
humans,3,252.2,22,6
Wright,3,241,22,6
kissed,3,219.7,20,6
native,2,384.6,27,6
Ulster,2,364.7,27,6
ruling,2,321.9,25,6
viewed,2,340.2,23,6
Walker,2,294.2,23,6
Davies,2,301.3,23,6
marine,2,299.2,22,6
gender,2,279.2,22,6
feared,2,273.3,21,6
nodded,1,1008.2,57,6
stared,1,876.9,51,6
softly,1,429.6,27,6
paused,1,459.8,27,6
seller,1,303.4,21,6
leaned,0,466.4,25,6
sighed,0,434.9,23,6
there,4067,9288.2,2354,5
think,3977,71946,562,5
would,3278,2223.9,2467,5
there,2894,45269.5,498,5
about,2730,9185.9,1384,5
right,2209,62243.5,130,5
which,2208,8187.5,3893,5
could,1949,464.3,1653,5
three,1721,9654.5,691,5
where,1380,8075.1,541,5
other,1313,4.4,1339,5
their,1284,9386,2761,5
these,1269,2,1252,5
thing,1136,13670.5,261,5
those,1121,655.4,861,5
quite,1050,8435.6,338,5
right,1019,10192.7,277,5
first,957,572,1220,5
doing,943,12144.6,202,5
again,836,1381.6,529,5
might,809,657.1,592,5
still,739,7.2,715,5
about,730,1785.4,414,5
years,704,537.9,925,5
never,700,387.4,542,5
money,637,1818.7,343,5
point,637,1887.5,338,5
being,634,763.5,888,5
eight,606,8237,123,5
thank,595,12397,67,5
seven,565,6896.1,128,5
after,539,2180.7,972,5
fifty,519,13755.2,36,5
today,503,2058,236,5
night,465,292.9,354,5
house,460,40.4,506,5
every,456,85.4,395,5
sorry,431,6473.3,78,5
round,415,4467.1,106,5
let's,401,8097.9,48,5
forty,388,9928.3,29,5
start,365,2575,128,5
great,363,172.6,452,5
place,353,225,453,5
comes,328,1637.1,140,5
pound,327,7521.7,31,5
local,301,602,462,5
maybe,301,2996.1,82,5
leave,289,583,173,5
times,284,2.4,293,5
water,278,180.8,358,5
stuff,274,4430.3,45,5
shall,264,201,195,5
wrong,263,841.3,136,5
group,249,871.1,433,5
world,248,2867.8,629,5
whole,248,52.6,212,5
round,245,1320.3,100,5
under,234,2659.7,590,5
women,232,931.9,418,5
heard,232,48.7,199,5
paper,232,212.2,166,5
taken,231,559,369,5
party,227,1035.7,423,5
looks,226,1353.8,87,5
given,224,806.4,392,5
asked,218,528.2,348,5
small,216,1525,460,5
bring,216,259.4,147,5
write,206,828.4,97,5
words,205,76,249,5
weeks,198,137.3,149,5
wants,197,1185.7,76,5
hours,191,0.2,189,5
seems,186,38.3,215,5
young,180,772.4,330,5
later,179,809.4,333,5
happy,176,298.9,110,5
often,175,1517.6,399,5
means,170,81.6,134,5
level,164,301.1,247,5
makes,162,1.4,167,5
funny,161,2265.6,31,5
where,160,2907.1,492,5
sense,159,168.4,219,5
using,157,430.2,257,5
while,156,3694.5,543,5
table,148,176.8,208,5
watch,148,879.7,57,5
black,147,351.5,234,5
month,147,0.6,150,5
agree,144,455.8,75,5
phone,144,805.3,58,5
areas,142,474.2,244,5
clear,140,443.6,237,5
woman,138,504.1,243,5
staff,138,456.3,237,5
David,138,28.7,159,5
until,137,619.5,254,5
union,134,74.7,169,5
third,132,391,220,5
white,131,354.2,214,5
power,130,1621.7,340,5
child,130,725.1,257,5
ready,130,79.4,99,5
speak,128,125.9,90,5
short,127,179.3,182,5
after,126,665,245,5
stage,126,98.5,166,5
takes,126,7.6,117,5
ought,123,592.7,54,5
trade,122,333.5,199,5
knows,122,174.1,80,5
price,121,180.9,176,5
piece,120,89.1,89,5
along,118,325.1,64,5
extra,117,77.8,89,5
large,116,2195.6,363,5
carry,116,24.2,99,5
worth,114,16.4,100,5
stand,114,58.3,89,5
since,112,1681.3,316,5
issue,112,108.1,152,5
order,111,506.7,207,5
state,108,2796.8,393,5
class,108,390,189,5
tried,107,159.4,155,5
moved,106,133.9,150,5
major,104,1082.3,254,5
needs,104,6.3,96,5
early,103,1442.5,283,5
south,103,307.8,172,5
meant,103,11.6,114,5
spend,103,119.9,71,5
board,100,106.7,138,5
Jesus,100,351.5,50,5
gives,97,5.4,105,5
girls,97,0,96,5
yours,97,623.7,36,5
story,95,161.8,141,5
floor,95,43.1,118,5
front,95,29.6,79,5
court,94,1961.8,307,5
hands,94,663.1,199,5
bases,94,228.8,150,5
worry,94,440.3,41,5
known,93,1313.8,255,5
awful,92,970.6,24,5
quick,91,193.4,54,5
light,90,279.2,152,5
north,88,464.4,171,5
green,88,13.9,100,5
chair,88,17,76,5
sorts,88,927.2,23,5
books,87,196.6,136,5
Peter,87,139.9,128,5
aware,86,55.6,110,5
learn,85,0.6,83,5
while,85,78.9,60,5
built,83,214.9,134,5
until,82,608,177,5
miles,82,31.6,100,5
works,82,65.1,61,5
whole,81,13.5,92,5
lived,81,0.4,82,5
based,79,888.8,199,5
space,79,220.2,130,5
along,79,209.6,129,5
radio,78,12,89,5
terms,76,681.3,176,5
music,76,502.4,159,5
spent,76,180.9,120,5
check,75,83.3,52,5
start,73,19.7,86,5
video,73,12,64,5
since,72,922.6,190,5
cases,71,1012.9,195,5
needs,71,141.8,109,5
worse,71,5.6,64,5
value,70,919.9,187,5
ideas,70,201.7,116,5
lunch,70,55.2,52,5
drink,70,98.9,46,5
Chris,70,149.5,42,5
names,68,11.4,77,5
stick,68,612.6,20,5
right,67,896.5,181,5
close,67,367.3,132,5
older,66,79.4,92,5
silly,66,442.6,24,5
costs,65,347.9,126,5
sales,65,191.6,109,5
shops,65,33.5,51,5
parts,63,328.9,122,5
front,63,6.2,70,5
James,62,209.5,107,5
twice,62,0,63,5
press,61,214.9,106,5
wrote,61,195.3,103,5
horse,61,41.3,79,5
build,61,9.8,69,5
bread,61,139.8,35,5
other,60,94.4,88,5
cheap,60,112.3,37,5
range,59,1471.7,211,5
break,59,0.2,58,5
field,58,731.4,153,5
death,57,1685.2,222,5
sites,57,0.2,58,5
drive,57,42.7,43,5
lucky,57,65.2,39,5
heart,56,695.3,147,5
lines,56,277.6,107,5
heavy,56,205.4,99,5
train,56,15.2,66,5
cover,56,11.4,65,5
earth,55,239.9,102,5
enjoy,55,21.1,67,5
throw,55,186.4,28,5
final,54,625.6,137,5
total,54,543.6,130,5
allow,53,469.1,122,5
sheet,53,33.1,41,5
shoes,53,78,35,5
means,52,271.1,101,5
early,52,98,79,5
quiet,52,18.7,63,5
liked,52,4.4,57,5
cards,52,45.1,38,5
human,51,1515,199,5
basic,51,442.7,116,5
blood,51,348.9,107,5
scale,50,99.2,77,5
Brian,50,5.6,44,5
Steve,50,10.2,43,5
above,49,838.1,147,5
plans,49,325.9,102,5
truth,49,186.7,86,5
homes,49,25.3,62,5
drink,49,93.4,30,5
keeps,49,196,23,5
voice,48,1520.1,194,5
force,48,855.2,146,5
rates,48,555.1,122,5
trees,48,198.1,87,5
ahead,48,45.4,64,5
tired,48,16.9,39,5
mouth,47,324,99,5
speed,47,98.9,73,5
glass,46,355,101,5
apply,46,188,83,5
North,45,16.3,55,5
clean,45,2.5,49,5
catch,45,1.2,42,5
sleep,45,22.2,36,5
guess,45,174.3,22,5
April,44,1108.2,159,5
model,44,861.3,140,5
stone,44,217,84,5
sides,44,72.6,65,5
notes,44,36.1,59,5
wages,44,14.8,36,5
whose,43,2013.3,216,5
March,43,1109.8,157,5
rules,43,527.5,112,5
sound,43,488.7,109,5
views,43,177.4,78,5
spoke,43,129.6,73,5
equal,43,62.1,63,5
lower,42,630,119,5
offer,42,470.8,105,5
miss*,42,377.8,96,5
waste,42,28.3,54,5
cover,42,8.3,48,5
tells,42,7.4,36,5
legal,41,944.9,141,5
lives,41,251.9,83,5
doors,41,13.5,49,5
noise,41,6.6,47,5
roads,41,0.9,39,5
break,41,8.8,35,5
fault,41,15.7,33,5
cream,41,30.2,30,5
stuck,41,148.5,20,5
shown,40,1283.5,163,5
shows,40,504.9,105,5
forms,40,508.2,105,5
fully,40,395.1,95,5
games,40,109.3,65,5
raise,40,95,64,5
panel,40,2.3,37,5
close,40,6.9,35,5
sixth,40,87.9,24,5
goods,39,571.8,109,5
stock,39,247.1,80,5
trust,39,225.2,78,5
share,39,50,55,5
sugar,39,2.6,36,5
Sarah,39,6.6,34,5
Terry,39,79,24,5
study,38,2046.9,209,5
royal,38,1291.4,160,5
hotel,38,775.1,123,5
route,38,79.4,59,5
under,38,69.5,58,5
faith,38,48.2,54,5
admit,38,0.1,37,5
Wales,37,485.1,99,5
types,37,431.3,95,5
items,37,190.4,71,5
thick,37,22.9,47,5
press,37,20.8,29,5
stood,36,1119.7,144,5
units,36,231.8,74,5
match,36,210.8,72,5
cross,36,14.4,44,5
Simon,36,12.4,44,5
fifth,36,0.4,35,5
dirty,36,37.7,25,5
style,35,739.5,115,5
river,35,547.7,101,5
crime,35,265.5,76,5
doubt,35,183.6,68,5
total,35,64.2,53,5
sleep,35,4.9,40,5
sheep,35,8.2,30,5
lives,35,30.1,26,5
boxes,35,29.3,26,5
touch,35,35.8,25,5
mayor,35,86.5,20,5
count,35,84.1,20,5
queen,34,342.6,82,5
pages,34,27.9,45,5
grant,34,7.2,39,5
calls,34,2.3,31,5
later,33,362.9,83,5
chief,33,346.3,80,5
begin,33,327.9,80,5
joint,33,205.9,68,5
Leeds,33,64.2,50,5
teeth,33,58.7,49,5
drive,33,54.8,49,5
grass,33,20.1,42,5
point,33,0,33,5
saved,33,0.1,32,5
sound,33,5.1,29,5
Colin,33,29.4,24,5
empty,32,114.9,56,5
broke,32,96.3,54,5
metal,32,57.2,48,5
fruit,32,27.4,42,5
refer,32,11.4,39,5
marks,32,5.6,28,5
prime,31,1074.8,131,5
works,31,481.8,88,5
light,31,216.6,66,5
track,31,165.1,60,5
lead*,31,138.5,57,5
brown,31,58.3,47,5
rough,31,2.1,34,5
watch,31,1.4,29,5
event,30,813.3,112,5
peace,30,580,95,5
avoid,30,453.8,85,5
fresh,30,303.7,72,5
rooms,30,162.3,58,5
worst,30,70.1,47,5
plate,30,38.8,42,5
feels,30,2.3,33,5
still,30,0.3,29,5
laugh,30,37.8,20,5
rural,29,263.1,66,5
funds,29,256.2,66,5
cause,29,201.1,61,5
alone,29,168.4,57,5
drugs,29,152.5,56,5
fight,29,40.9,41,5
dealt,29,10.5,36,5
share,28,527.4,88,5
media,28,506.5,86,5
drawn,28,450.1,81,5
plant,28,417.3,80,5
reach,28,343,73,5
claim,28,322.7,70,5
shape,28,276.5,66,5
enter,28,160.5,56,5
bound,28,97.8,49,5
lying,28,98.1,48,5
sport,28,89.4,47,5
sweet,28,10.2,34,5
helps,28,0,28,5
split,28,3.9,25,5
angle,28,5,24,5
civil,27,619.3,93,5
kinds,27,109.8,49,5
turns,27,10.6,33,5
blind,27,0.2,26,5
among,26,3242.3,252,5
added,26,1557.6,152,5
Smith,26,549.3,85,5
steps,26,359,72,5
trial,26,342.2,69,5
birds,26,231.6,60,5
below,26,212.2,58,5
urban,26,207.2,57,5
brain,26,136.2,50,5
claim,26,130.5,50,5
badly,26,97.9,45,5
argue,26,86.6,45,5
alive,26,90.2,44,5
chest,26,51.8,39,5
Frank,26,42.5,39,5
block,26,32.7,37,5
costs,26,17.1,33,5
clock,26,3.7,29,5
dozen,26,0.8,27,5
clear,26,2.2,24,5
began,25,3462.2,262,5
motor,25,90.8,44,5
dress,25,90.4,43,5
Major,25,87.1,43,5
green,25,13,31,5
teach,25,3.2,29,5
Kevin,25,1.6,23,5
image,24,538.2,81,5
youth,24,231.2,58,5
serve,24,231.8,57,5
heads,24,211.3,55,5
visit,24,203.8,54,5
brief,24,158.1,50,5
minor,24,149.7,49,5
grand,24,140.6,49,5
grown,24,112,45,5
round,24,42.5,36,5
limit,24,37.9,35,5
trust,24,9.6,29,5
score,24,6.3,28,5
Helen,24,5.6,28,5
blame,24,0.7,23,5
Clare,24,3,21,5
doubt,24,4.4,21,5
firms,23,564.2,81,5
ended,23,522.6,78,5
offer,23,343.8,64,5
exist,23,269.7,58,5
ideal,23,175,50,5
teams,23,93.3,41,5
dream,23,87.1,40,5
uncle,23,59.1,37,5
worth,23,1.4,21,5
cause,22,547,78,5
South,22,467,72,5
usual,22,422.2,69,5
seats,22,187.3,50,5
fixed,22,68.6,37,5
tools,22,40.3,33,5
Billy,22,0,22,5
sight,21,460.3,71,5
facts,21,276.9,56,5
loved,21,204.6,49,5
coast,21,191.8,49,5
shock,21,142.6,44,5
chain,21,91.8,39,5
Scott,21,43,33,5
nurse,21,46.5,33,5
treat,21,40.3,31,5
plain,21,30.8,30,5
shirt,21,22,29,5
apple,21,11.7,27,5
boots,21,13.3,26,5
tends,21,4.9,25,5
tight,21,3,24,5
cross,21,1.8,23,5
scene,20,518.9,74,5
Irish,20,399.5,63,5
prove,20,364.8,62,5
tests,20,262.7,53,5
wider,20,245.2,52,5
goals,20,219.2,50,5
inner,20,190.9,48,5
clubs,20,112.8,40,5
steel,20,112.5,39,5
yards,20,106.3,39,5
films,20,91,37,5
need*,20,68.7,35,5
proud,20,59.3,33,5
minds,20,32.6,29,5
holes,20,20,27,5
level,20,11.3,26,5
paint,20,3.8,23,5
diary,20,0.1,20,5
walls,19,436.4,65,5
daily,19,351.5,59,5
birth,19,319.8,56,5
broad,19,275.7,52,5
signs,19,242.2,51,5
agent,19,203.1,46,5
place,19,202.2,46,5
touch,19,161.7,44,5
store,19,113.1,38,5
taste,19,93,36,5
plane,19,87.3,36,5
input,19,76.8,34,5
tough,19,70.6,34,5
bills,19,51.9,32,5
dance,19,55.9,31,5
files,19,43.9,31,5
Keith,19,42.6,29,5
being,19,35.8,29,5
Roger,19,24.9,27,5
mixed,19,7.7,24,5
Kelly,19,3.7,22,5
bible,19,0.5,20,5
title,18,1071.1,106,5
visit,18,723.6,83,5
banks,18,547.8,72,5
China,18,250.5,49,5
Welsh,18,148.5,40,5
solid,18,123.4,37,5
apart,18,116.8,37,5
abuse,18,96,35,5
truly,18,81.3,34,5
calls,18,73.7,32,5
knife,18,40.4,28,5
wheel,18,30.7,27,5
Jimmy,18,17.9,25,5
alarm,18,6.2,21,5
clerk,18,0.9,20,5
users,17,559.9,71,5
talks,17,477.1,65,5
occur,17,433.1,61,5
crown,17,361.2,55,5
vital,17,354.3,55,5
judge,17,258.2,48,5
chief,17,168,40,5
links,17,125.5,37,5
skill,17,137.8,37,5
Nigel,17,123.8,36,5
fight,17,65.5,30,5
rugby,17,63.9,30,5
smoke,17,58.3,30,5
match,17,45,28,5
meals,17,28.8,25,5
males,17,18.1,23,5
Susan,17,8.8,21,5
below,16,995.2,96,5
Italy,16,379.7,55,5
faced,16,286.2,49,5
sharp,16,275.1,47,5
named,16,259.4,47,5
drove,16,173.2,39,5
FALSE,16,164.6,39,5
owned,16,149.5,38,5
prize,16,94.8,32,5
reply,16,98.3,32,5
proof,16,61.2,28,5
loose,16,52.4,27,5
smell,16,45.9,27,5
shift,16,50.9,27,5
draft,16,49.9,27,5
Laura,16,48.6,27,5
outer,16,42,25,5
mixed,16,10,20,5
boats,16,11.3,20,5
Robin,16,8.6,20,5
alone,15,771.8,80,5
moral,15,424.3,57,5
entry,15,401.1,56,5
guide,15,339.3,51,5
crowd,15,264.2,46,5
beach,15,196.9,41,5
Lewis,15,198.4,40,5
leads,15,202.8,40,5
cycle,15,122.2,34,5
threw,15,117.8,33,5
songs,15,82.1,30,5
topic,15,53.6,26,5
plays,15,41.2,25,5
print,15,20.3,22,5
Henry,14,819.8,81,5
upper,14,461.7,58,5
adult,14,329.9,49,5
Spain,14,318.7,48,5
least,14,310.5,48,5
angry,14,288,46,5
stars,14,250.2,42,5
error,14,233.9,41,5
armed,14,203.6,39,5
coach,14,111.3,30,5
fixed,14,109.3,30,5
pitch,14,78.2,28,5
voted,14,46.2,24,5
gross,14,44.8,24,5
audit,14,39.7,23,5
leave,14,35.6,23,5
cloth,14,22.6,20,5
piano,14,19.4,20,5
solve,14,20.3,20,5
award,13,2288.3,163,5
cells,13,890.1,84,5
India,13,401.6,51,5
Harry,13,359.5,50,5
towns,13,302.9,44,5
tower,13,182.9,36,5
frame,13,157.8,34,5
since,13,116.7,31,5
chose,13,115.3,30,5
White,13,122.4,30,5
steam,13,122.1,30,5
ships,13,106.1,29,5
knees,13,94.1,27,5
exact,13,46.2,23,5
pairs,13,43.1,22,5
bench,13,35.8,21,5
above,12,1280.7,103,5
owner,12,477.4,54,5
theme,12,288.1,42,5
aside,12,244.9,39,5
scope,12,222.7,37,5
study,12,158.4,32,5
finds,12,149.6,31,5
Essex,12,69.7,24,5
valid,12,64.8,24,5
bones,12,64,24,5
falls,12,61.4,23,5
judge,12,41.3,21,5
gates,12,33.7,20,5
alter,12,31,20,5
abbey,12,36.9,20,5
phase,11,437.6,50,5
drama,11,275.1,38,5
faces,11,228.1,35,5
votes,11,191,34,5
depth,11,184.1,33,5
ratio,11,156.4,31,5
guard,11,117.1,26,5
delay,11,91.3,24,5
Grant,11,83.6,24,5
posts,11,83.1,23,5
cloud,11,70.4,22,5
genes,11,67.1,22,5
moves,11,52.6,21,5
shell,11,54.1,21,5
grade,11,42,20,5
Japan,10,822.3,72,5
noted,10,730.7,67,5
hoped,10,561.6,56,5
arise,10,257.1,36,5
novel,10,210.7,33,5
taxes,10,165.6,30,5
final,10,178.6,30,5
buyer,10,164.7,29,5
trend,10,156.4,28,5
curve,10,133.1,27,5
adopt,10,122.9,26,5
pupil,10,115.1,25,5
lists,10,95,23,5
force,10,92,23,5
fired,10,73.7,21,5
wives,10,68,20,5
cheek,10,58.7,20,5
Jones,9,507.2,51,5
index,9,486.3,49,5
Roman,9,463.3,48,5
close,9,429.2,45,5
Brown,9,368.4,41,5
focus,9,344.6,41,5
tasks,9,327.7,40,5
given,9,260.2,34,5
hills,9,231,33,5
marry,9,182.2,29,5
holds,9,168.9,28,5
roots,9,147.7,27,5
Alice,9,138.5,26,5
wings,9,147.5,26,5
logic,9,119.4,25,5
habit,9,114.6,24,5
album,9,103.2,23,5
count,9,96.7,22,5
ocean,9,79.9,21,5
Paris,8,793.5,67,5
aimed,8,350.8,39,5
pilot,8,295.2,34,5
fewer,8,287,34,5
fears,8,233.8,31,5
pride,8,206.6,29,5
state,8,202.7,28,5
layer,8,167,27,5
Dutch,8,143.3,25,5
focus,8,115.8,23,5
naked,8,116,22,5
tears,7,516,47,5
rocks,7,275.5,32,5
unity,7,248.8,31,5
round,7,238.4,30,5
roles,7,241.5,30,5
loans,7,251.7,30,5
flesh,7,223.3,28,5
squad,7,202.2,28,5
risks,7,203.7,27,5
hopes,7,196.5,26,5
opera,7,171.9,25,5
storm,7,174.6,24,5
crash,7,134.8,23,5
bands,7,128.3,22,5
craft,7,120.5,22,5
Emily,7,127.4,21,5
sadly,7,114.3,21,5
cable,7,112.1,20,5
smile,6,957.7,70,5
hence,6,643,53,5
enemy,6,385.9,37,5
cried,6,318.4,33,5
guest,6,190.8,25,5
Egypt,6,191.3,24,5
Great,6,191.6,24,5
lease,6,154.8,23,5
sheer,6,157.2,22,5
actor,6,163.7,22,5
Asian,6,142.9,21,5
stake,6,135.8,21,5
debts,6,143.7,20,5
burst,6,138.7,20,5
begun,5,578.9,47,5
rapid,5,463.8,39,5
Greek,5,343.5,32,5
newly,5,313.3,30,5
waves,5,295,30,5
ruled,5,243.1,26,5
Diana,5,224.3,25,5
Maria,5,203.1,23,5
gains,5,211.5,23,5
foods,5,191.8,23,5
asset,5,173.5,22,5
anger,4,446.4,37,5
Lloyd,4,276.9,25,5
acted,4,255.6,25,5
canal,4,238.2,24,5
swept,4,235.9,23,5
Korea,4,201.8,21,5
hopes,4,178,20,5
shook,3,913.1,58,5
Co/CO,3,669.9,44,5
acute,3,291.1,25,5
urged,3,322.6,25,5
latin,3,283.5,24,5
Young,3,263.9,23,5
lands,3,275.8,23,5
plans,3,243.8,22,5
known,3,232.3,22,5
Lords,3,253.3,22,5
bonds,3,236.1,21,5
Eliot,3,249.4,21,5
fleet,3,231.3,21,5
fails,3,240.9,20,5
Evans,3,214.8,20,5
giant,3,200.1,20,5
above,2,432.7,29,5
Louis,2,328.8,23,5
Baker,2,276.6,22,5
Moore,2,260.2,21,5
swung,2,280.4,20,5
voice,1,1482.2,82,5
texts,1,416,26,5
PC/pc,1,437.4,25,5
reign,1,301.8,20,5
1980s,0,832.6,42,5
1970s,0,745.4,38,5
1960s,0,634.5,34,5
Sept.,0,652.6,33,5
1950s,0,424.4,22,5
that,14252,213613.5,2581,4
they,9333,52132.8,3754,4
have,7488,16057.1,4416,4
what,7313,75414.2,1936,4
that,7246,6.1,7315,4
this,5627,2379.6,4506,4
know,5550,104930.3,734,4
well,5310,107026.4,634,4
with,4446,8896.2,6821,4
just,3820,40726.6,982,4
then,3474,19911.6,1378,4
them,3126,10733,1572,4
your,2859,14438.1,1212,4
were,2749,858.2,3282,4
said,2685,1838.7,2018,4
very,2373,11530.6,1025,4
when,2255,1836.7,1649,4
mean,2250,53431.1,198,4
from,2178,12708.7,4360,4
been,2082,1693.2,2756,4
some,1986,485.6,1681,4
will,1890,1698.5,2537,4
time,1819,548.7,1509,4
want,1776,20109.9,432,4
like,1762,4525.3,983,4
come,1737,13389.7,574,4
here,1640,11087.8,590,4
good,1566,6955.6,706,4
does,1549,9615.6,587,4
down,1472,4515.8,772,4
five,1308,15609.6,303,4
back,1211,2229.6,745,4
four,1199,9982,376,4
take,1149,2625.5,665,4
look,1123,9310.3,353,4
only,1079,447.9,1323,4
like,1070,12162.3,260,4
into,1067,2560.1,1700,4
lot*,992,16309.2,160,4
make,977,477.7,769,4
more,949,938.2,671,4
done,931,7898.7,288,4
went,917,3675.1,433,4
give,845,3270.5,405,4
year,803,65.1,730,4
last,788,150.6,680,4
much,764,1057.8,504,4
need,749,3967.2,310,4
used,742,15000.9,88,4
says,740,2804.6,358,4
sort,712,9947.3,140,4
than,683,1547.3,1074,4
tell,668,3824.7,265,4
many,654,870.4,931,4
same,651,24,611,4
her*,644,16899.4,2362,4
bit*,635,12403.1,80,4
week,631,2765.9,286,4
more,624,4646,1351,4
nice,603,11893.6,74,4
work,601,48.8,659,4
next,594,645.9,412,4
must,589,305,739,4
nine,571,9860.8,86,4
also,556,5482.9,1328,4
over,543,627.6,757,4
made,539,2336.9,990,4
when,530,248.6,420,4
find,529,305.8,408,4
goes,503,6537.7,107,4
fact,492,396,360,4
sure,479,2211.1,212,4
else,475,2990.5,178,4
came,473,0.1,471,4
even,457,1226,746,4
keep,449,1068,256,4
over,443,423.4,600,4
half,440,2322.1,182,4
away,433,115.2,364,4
much,432,50.3,385,4
gone,418,2299.8,170,4
work,415,924.2,242,4
side,374,51.4,330,4
seen,371,0.9,377,4
long,365,13.6,342,4
feel,364,476.2,243,4
told,362,3.2,373,4
area,356,0.8,351,4
part,355,510.2,512,4
able,339,45.9,300,4
road,336,154,266,4
days,318,5.2,332,4
ones,318,2856.9,94,4
name,299,104.6,244,4
life,293,1821.6,598,4
call,290,1624.5,117,4
took,287,351.4,404,4
left,278,125.4,343,4
ever,275,12,257,4
kind,270,101.2,219,4
back,270,259.9,192,4
talk,266,1339.7,113,4
home,265,275.9,185,4
most,261,814.4,441,4
John,260,172.3,336,4
read,260,60.5,221,4
door,255,0.1,253,4
hear,254,935.1,124,4
idea,253,66.2,213,4
move,251,915.4,123,4
mind,246,3245.2,51,4
only,244,8.6,229,4
each,243,1947.3,539,4
case,243,1106.7,453,4
help,239,50,276,4
home,237,331.2,340,4
room,233,235.5,318,4
look,227,1120.2,97,4
such,225,5912.7,825,4
used,225,1783.4,497,4
stop,225,661.8,120,4
hand,221,576.7,358,4
book,220,27.4,246,4
best,217,114.5,272,4
word,214,24.8,191,4
full,206,250.2,290,4
hope,206,698.3,104,4
gets,204,1718.5,63,4
most,199,3559.7,607,4
turn,198,373.4,121,4
play,194,150.9,143,4
hour,194,559.1,104,4
both,189,626.5,324,4
shop,188,687.6,92,4
fine,187,293,120,4
high,185,1298.3,392,4
line,181,92.2,226,4
TRUE,177,1.3,182,4
mine,177,2739.9,31,4
pick,171,1690.7,47,4
down,170,518.2,90,4
view,169,115.9,219,4
show,169,7.3,181,4
knew,168,431,271,4
past,168,1315.9,55,4
live,167,49.8,139,4
land,166,28.8,190,4
wait,166,755.9,74,4
head,164,1401.9,372,4
mind,164,143,219,4
paid,163,28.3,142,4
town,159,30.1,182,4
dear,157,2762.8,23,4
girl,156,0.1,158,4
open,155,234.3,226,4
lost,155,13.9,171,4
plan,155,87,120,4
long,153,49.3,184,4
hard,153,1.3,158,4
York,153,300.5,93,4
that,150,1506.6,40,4
gave,148,381.5,239,4
seem,146,39.4,173,4
fire,146,14.5,131,4
stay,146,95.9,110,4
city,143,439.9,241,4
tape,139,1502.5,35,4
easy,137,3.1,144,4
page,137,93.1,103,4
send,137,386.4,74,4
lord,136,6,146,4
rest,136,3,142,4
form,133,921.3,282,4
main,133,695.7,258,4
fair,133,282,78,4
real,132,530.3,238,4
love,132,249.5,81,4
once,131,186.1,86,4
plus,128,469,63,4
lots,126,1190.1,36,4
walk,122,461.7,59,4
less,119,888.3,258,4
kids,119,1081.4,35,4
hell,118,680.5,46,4
food,117,374.8,198,4
type,117,212.8,176,4
sell,117,219.5,72,4
Paul,116,0.5,114,4
cost,115,94.8,153,4
once,114,343.3,191,4
love,114,97.5,152,4
news,114,84.5,149,4
list,114,1.7,118,4
jobs,114,33,95,4
free,113,489.9,208,4
kept,113,78.1,146,4
wish,113,10.9,101,4
half,113,228.8,67,4
game,112,122.3,154,4
bits,112,1406.9,25,4
both,111,2943.9,409,4
hair,111,94.3,148,4
sent,110,65.2,140,4
hold,110,1.6,106,4
body,109,1217.2,272,4
cold,109,13.2,97,4
wife,107,315.7,178,4
shut,107,687.9,40,4
felt,106,1567.3,298,4
ways,106,157.4,154,4
hang,106,1384,22,4
size,105,47.4,129,4
face,103,1704.3,303,4
late,102,272.3,166,4
term,102,43.5,125,4
need,101,363.1,176,4
poor,100,220.9,157,4
meet,99,154.6,145,4
lady,98,0.1,97,4
care,95,741.6,209,4
onto,95,177.6,58,4
card,95,241.8,53,4
team,93,651.8,197,4
baby,93,0.7,90,4
ball,91,41.2,72,4
club,90,460.5,173,4
rate,89,748.2,200,4
near,88,242.4,144,4
ring,88,934,23,4
blue,86,3.7,92,4
well,86,437.1,36,4
bank,85,565,177,4
feet,85,297.5,147,4
foot,84,18.7,72,4
cost,84,128.8,54,4
save,83,40.5,65,4
soon,82,540.3,170,4
open,81,3.7,76,4
upon,80,1521.1,252,4
date,80,541.7,167,4
deal,80,30.4,65,4
died,79,350.7,147,4
wall,79,136.4,118,4
help,79,94.8,110,4
hall,78,172.1,122,4
site,78,45.6,99,4
boys,78,1,81,4
cars,78,1.7,75,4
wear,78,264.8,39,4
park,76,90.7,107,4
draw,76,44.6,58,4
post,75,24.8,90,4
tend,75,29.9,61,4
none,71,26.1,86,4
miss,71,341.1,31,4
deal,70,44.8,90,4
Mark,70,2.1,66,4
lose,70,5.5,64,4
pull,70,212.3,37,4
west,69,362.2,134,4
fish,69,146.9,107,4
pass,69,24.4,56,4
less,68,142.2,105,4
bill,68,69.7,93,4
item,68,229.6,34,4
role,66,1105.9,196,4
film,66,158.3,105,4
hate,65,467.2,23,4
east,64,449.2,136,4
Dave,64,446.2,22,4
till,64,531.4,20,4
eyes,63,3032.6,324,4
dead,63,313.7,120,4
sold,63,65.2,87,4
milk,63,53.7,46,4
ring,63,125.3,38,4
test,62,278.1,114,4
play,62,4,68,4
busy,62,35,48,4
sick,62,79.4,42,4
fill,62,137.1,36,4
June,61,710,156,4
call,61,0.1,60,4
boat,61,9,53,4
like,61,432.5,21,4
born,60,74.4,84,4
coal,60,17.7,50,4
join,59,36.9,76,4
past,58,118,89,4
Tony,58,15.7,49,4
held,56,2920.4,302,4
Jane,56,46.4,41,4
care,55,3.9,51,4
warm,54,18.6,65,4
pair,54,7.2,61,4
turn,52,141.1,85,4
note,52,11.6,61,4
fund,52,2.4,56,4
lane,52,17.7,43,4
cake,52,199.1,25,4
load,52,257.7,23,4
data,51,1494.2,197,4
show,51,204.4,92,4
Mary,51,71.4,73,4
legs,51,36.1,67,4
glad,51,26.9,39,4
used,50,7.6,44,4
coat,50,73.6,33,4
very,49,53.5,67,4
tree,49,39.6,65,4
copy,49,0.3,51,4
Bill,49,0.9,47,4
Jean,49,112.1,28,4
wide,48,529,120,4
unit,48,485.6,116,4
fall,48,85.8,73,4
cash,47,198.4,86,4
Alan,47,5.3,53,4
ages,47,36.6,35,4
self,47,35.9,35,4
army,46,593.4,122,4
sale,46,273.6,93,4
flat,46,0.2,47,4
drop,46,79,29,4
push,46,86.9,28,4
huge,45,201.8,83,4
wood,45,9.6,52,4
vote,45,2.4,49,4
rich,44,100.3,70,4
file,44,35,58,4
grow,44,25,56,4
hole,44,0.3,46,4
bath,44,117.4,24,4
goal,43,59.3,61,4
hill,43,41.9,59,4
Mike,43,0.1,43,4
left,43,24.1,33,4
fell,42,503.8,108,4
base,42,316.8,92,4
rain,42,85,64,4
meal,42,0.3,43,4
rule,41,285.9,86,4
wind,41,168,75,4
dear,41,7.1,36,4
meat,41,7.4,35,4
good,41,110.7,23,4
safe,40,143.7,69,4
talk,40,0.3,41,4
rang,40,67.2,25,4
dark,39,591.3,111,4
pain,39,217.7,77,4
step,39,209.5,76,4
farm,39,165.9,72,4
wine,39,118.5,66,4
July,38,843.9,128,4
lead,38,446.6,97,4
best,38,327.4,86,4
duty,38,321.8,86,4
Jack,38,76.7,59,4
dogs,38,8.3,44,4
cope,38,1.1,40,4
song,38,1,40,4
hurt,38,0,38,4
king,37,1338.8,160,4
face,37,184.8,71,4
tiny,37,77.6,57,4
Nick,37,29.2,27,4
Andy,37,30.7,27,4
vote,37,94.8,21,4
risk,36,677.2,112,4
seat,36,150.4,65,4
nose,36,15.4,44,4
sign,36,56.4,23,4
bags,36,92.1,20,4
firm,35,458.1,94,4
deep,35,345.5,84,4
gold,35,286.1,79,4
roof,35,14.1,42,4
keen,35,0.6,37,4
Neil,35,7.5,30,4
puts,35,12,28,4
past,34,508.2,95,4
kill,34,35.8,47,4
eggs,34,3.5,38,4
mark,34,0.4,33,4
hold,34,7.6,29,4
last,34,13.6,27,4
Gary,34,44,23,4
hard,33,287.8,76,4
skin,33,272,73,4
acid,33,71.7,51,4
iron,33,44.5,47,4
walk,33,11.1,39,4
sake,33,0.3,32,4
edge,32,345.3,80,4
neck,32,142.2,59,4
bear,32,49.5,47,4
beat,32,48.1,47,4
flat,32,6.9,37,4
mile,32,0,32,4
pink,32,2.5,30,4
loss,31,989.1,126,4
race,31,362,79,4
Tory,30,5.6,35,4
yard,30,1.9,33,4
left,29,710.9,102,4
star,29,238.3,65,4
sign,29,217,62,4
will,29,206.7,61,4
his*,29,108.5,51,4
desk,29,72.5,47,4
rent,29,0.6,28,4
cold,29,15.1,23,4
past,29,29.1,20,4
West,28,624.7,95,4
move,28,342.5,72,4
ship,28,68.7,45,4
runs,28,49.6,41,4
golf,28,14.7,35,4
wage,28,5.3,32,4
salt,28,0.4,29,4
arms,27,1002.1,120,4
lack,27,703.5,98,4
band,27,346.2,72,4
laid,27,236.8,62,4
shot,27,14.2,33,4
luck,27,8,32,4
holy,27,3.5,30,4
whom,26,1368.5,141,4
task,26,741.7,100,4
soft,26,296.7,66,4
heat,26,195.4,57,4
rail,26,56.9,41,4
gate,26,34.6,37,4
poll,26,3.3,29,4
form,25,562,85,4
boss,25,20.1,33,4
fast,25,14.5,32,4
joke,25,8.2,21,4
folk,25,9,21,4
root,25,10.3,20,4
hope,24,262.8,59,4
arts,24,220.1,57,4
laws,24,171.9,51,4
trip,24,140.3,48,4
spot,24,101.2,43,4
moon,24,12.7,30,4
pack,24,0.5,26,4
keys,24,0.9,22,4
seek,23,261.1,58,4
slow,23,181.8,51,4
grey,23,173.9,50,4
pool,23,149.3,47,4
late,23,113.1,43,4
mark,23,2.4,25,4
feed,23,0.8,25,4
drop,23,0.5,22,4
Fred,23,1.1,21,4
male,22,795.1,96,4
rise,22,523.4,77,4
path,22,399.1,67,4
thin,22,237.4,54,4
tall,22,166.6,48,4
link,22,101.9,42,4
uses,22,76.6,38,4
bird,22,72.7,38,4
tied,22,5.7,26,4
text,21,642.5,83,4
rock,21,432.7,69,4
shot,21,226.9,53,4
suit,21,39.1,32,4
snow,21,34.3,31,4
earn,21,0.5,20,4
code,20,282.1,56,4
drug,20,268.5,54,4
fast,20,178.1,47,4
Anne,20,176.7,47,4
fuel,20,155.5,44,4
beer,20,72.3,35,4
mill,20,65.7,34,4
ears,20,45.3,31,4
cuts,20,37.6,30,4
Lucy,20,27,28,4
fear,19,495.2,70,4
cell,19,360.5,59,4
sees,19,100.8,37,4
lost,19,19.7,26,4
East,18,287,51,4
vast,18,270.2,51,4
diet,18,184.9,43,4
sets,18,50,30,4
test,18,45.3,29,4
plan,18,38.2,27,4
hers,18,25.5,26,4
lift,18,20.1,25,4
bowl,18,10.9,23,4
belt,18,5.1,22,4
debt,17,385.4,58,4
note,17,277.9,50,4
flow,17,252.4,48,4
tank,17,100.2,35,4
Ruth,17,74.1,32,4
gift,17,67.2,31,4
bomb,17,43.8,28,4
disk,17,44.7,27,4
dust,17,36.6,27,4
jury,17,19.3,24,4
wire,17,11.9,22,4
beds,17,11.1,22,4
Lord,17,4.7,20,4
mail,16,127.5,35,4
mood,16,129.1,35,4
sand,16,94.9,32,4
ends,16,80.9,31,4
tail,16,54.9,28,4
poem,16,44.4,26,4
bone,16,36.8,25,4
pipe,16,25.9,24,4
male,16,19.4,22,4
knee,16,13.7,21,4
wise,16,9.1,20,4
wild,15,392.4,56,4
Adam,15,164.5,38,4
camp,15,113,33,4
fees,15,89.1,31,4
gain,14,219.3,40,4
weak,14,194.3,38,4
pure,14,168.6,36,4
bars,14,54.5,25,4
hide,14,41.6,24,4
guns,14,20.9,21,4
asks,14,18.9,20,4
Eric,14,16.9,20,4
tour,13,546.2,62,4
rare,13,368.4,50,4
loan,13,257.1,41,4
sons,13,203.4,37,4
aids,13,157.5,34,4
dark,13,150.7,33,4
cool,13,142,33,4
wore,13,146.9,32,4
crew,13,136,31,4
live,13,120.9,31,4
wing,13,127.7,30,4
rely,13,99.2,29,4
mean,13,84.9,27,4
Gulf,13,77.7,26,4
harm,13,56.6,24,4
suit,13,33.3,20,4
grew,12,398.4,50,4
fail,12,190.5,35,4
soul,12,156.8,32,4
rose,12,95.6,27,4
Kate,12,72,25,4
tube,12,45.5,21,4
user,11,685.9,66,4
tone,11,367.5,45,4
fall,11,346.6,45,4
mass,11,255.8,39,4
mass,11,260.8,38,4
firm,11,235.2,37,4
rise,11,244.4,37,4
core,11,241.3,37,4
fans,11,230.9,36,4
aunt,11,193.6,33,4
pace,11,179.4,33,4
deny,11,90.4,24,4
sets,11,76.8,23,4
navy,11,61.5,21,4
blow,11,60.4,21,4
wars,11,48.7,20,4
drew,10,457.8,50,4
soil,10,385.7,45,4
lake,10,339.7,42,4
Iraq,10,222.5,34,4
cast,10,207.2,32,4
Anna,10,161.6,30,4
Kent,10,152.3,28,4
Hugh,10,70.2,22,4
lies,9,390.8,44,4
pale,9,302.7,38,4
acts,9,278,35,4
vary,9,232.7,33,4
port,9,236.7,32,4
hung,9,212.9,32,4
fear,9,148,27,4
flew,9,130.2,25,4
Wood,9,106,23,4
bulk,9,99.8,22,4
rape,9,66.9,20,4
thus,8,3757.9,228,4
peak,8,214.4,30,4
deaf,8,190.5,29,4
tool,8,139.4,24,4
rest,8,103.8,22,4
Luke,7,373.9,39,4
wave,7,322.3,34,4
deep,7,218.3,29,4
aims,7,191.2,27,4
hero,7,184.5,25,4
bare,7,160.7,24,4
Ford,7,163.6,24,4
tale,7,152.8,23,4
gene,7,142.6,22,4
rows,7,135.8,22,4
Dean,7,108.9,20,4
lips,6,696.6,55,4
duke,6,395,37,4
Bush,6,311.3,31,4
Rose,6,294.8,30,4
host,6,260.4,29,4
zone,6,236.9,28,4
poet,6,190.1,24,4
,,,,
,,,,
,,,,
,,,,
,,,,
,,,,
,,,,
,,,,
,,,,
,,,,
,,,,
,,,,
,,,,
,,,,
,,,,
,,,,
,,,,
,,,,
,,,,
,,,,
,,,,
,,,,
,,,,
,,,,
,,,,
,,,,
,,,,
,,,,
,,,,
,,,,
,,,,
,,,,
,,,,
,,,,
,,,,
,,,,
,,,,
,,,,
,,,,
,,,,
,,,,
,,,,
,,,,
,,,,
,,,,
,,,,
,,,,
,,,,
,,,,
,,,,
,,,,
,,,,
,,,,
,,,,
,,,,
,,,,
,,,,
,,,,
,,,,
,,,,
,,,,
,,,,
,,,,
,,,,
,,,,
,,,,
,,,,
